FID,FID_H2_REN,nome_usina,proprietario,RIO,potencia_instalada_kw,ano_inicio_operacao,codigo_ceg_aneel,potencial_h2_t_ano,fonte_energia,FID_LM_Est,NM_REGIAO,CD_GCUF,NM_UF,NM_UF_SIGL,AR_MUN_201,longitude,latitude,fonte_dado,origem
0,722,Minuano I,Eólica Chuí VI S.A., ,22000.0,1432598400000.0,EOL.CV.RS.030844-7.01,6377,EOL,26,SUL,43,Rio Grande do Sul,RS,281737.888,-53.39900187899993,-33.72280555699992,EPE - Projetos_Onshore - Projetos_Onshore1,onshore
1,690,Minuano II,Eólica Chuí VII S.A., ,24000.0,1432598400000.0,EOL.CV.RS.030791-2.01,6957,EOL,26,SUL,43,Rio Grande do Sul,RS,281737.888,-53.41670290699991,-33.71737403199993,EPE - Projetos_Onshore - Projetos_Onshore1,onshore
2,896,Chuí 09,Eólica Chuí IX S.A., ,17900.0,1445472000000.0,EOL.CV.RS.031517-6.01,5188,EOL,26,SUL,43,Rio Grande do Sul,RS,281737.888,-53.38097703499997,-33.68752004799992,EPE - Projetos_Onshore - Projetos_Onshore1,onshore
3,831,Chuí V,Eólica Chuí V S.A, ,30000.0,1432339200000.0,EOL.CV.RS.030760-2.01,8696,EOL,26,SUL,43,Rio Grande do Sul,RS,281737.888,-53.42183844100001,-33.66812414499994,EPE - Projetos_Onshore - Projetos_Onshore1,onshore
4,452,Chuí IV,Eólica Chuí IV S.A., ,22000.0,1433808000000.0,EOL.CV.RS.030754-8.01,6377,EOL,26,SUL,43,Rio Grande do Sul,RS,281737.888,-53.41642830300002,-33.66469695099997,EPE - Projetos_Onshore - Projetos_Onshore1,onshore
5,471,Chuí II,Eólica Chuí II S.A., ,22000.0,1434412800000.0,EOL.CV.RS.030790-4.01,6377,EOL,26,SUL,43,Rio Grande do Sul,RS,281737.888,-53.40028553499999,-33.65944302099993,EPE - Projetos_Onshore - Projetos_Onshore1,onshore
6,828,Chuí I,Eólica Chuí I S.A., ,24000.0,1434412800000.0,EOL.CV.RS.030767-0.01,6957,EOL,26,SUL,43,Rio Grande do Sul,RS,281737.888,-53.39357107099991,-33.65651802099995,EPE - Projetos_Onshore - Projetos_Onshore1,onshore
7,367,Verace 27,Eólica Hermenegildo I S.A., ,16110.0,1448496000000.0,EOL.CV.RS.031600-8.01,4670,EOL,26,SUL,43,Rio Grande do Sul,RS,281737.888,-53.32371936299991,-33.65430599599998,EPE - Projetos_Onshore - Projetos_Onshore1,onshore
8,418,Verace 26,Eólica Hermenegildo I S.A., ,14320.0,1448496000000.0,EOL.CV.RS.031559-1.01,4151,EOL,26,SUL,43,Rio Grande do Sul,RS,281737.888,-53.30407320899992,-33.65348268199998,EPE - Projetos_Onshore - Projetos_Onshore1,onshore
9,343,Verace 25,Eólica Hermenegildo I S.A., ,7160.0,1448496000000.0,EOL.CV.RS.031541-9.01,2075,EOL,26,SUL,43,Rio Grande do Sul,RS,281737.888,-53.32506053099994,-33.63985526199998,EPE - Projetos_Onshore - Projetos_Onshore1,onshore
10,684,Verace 24,Eólica Hermenegildo I S.A., ,19690.0,1448496000000.0,EOL.CV.RS.031561-3.01,5707,EOL,26,SUL,43,Rio Grande do Sul,RS,281737.888,-53.30938885999991,-33.63874916399995,EPE - Projetos_Onshore - Projetos_Onshore1,onshore
11,514,Verace 28,Eólica Hermenegildo II S.A., ,12530.0,1450224000000.0,EOL.CV.RS.031578-8.01,3632,EOL,26,SUL,43,Rio Grande do Sul,RS,281737.888,-53.35337922899994,-33.634033012,EPE - Projetos_Onshore - Projetos_Onshore1,onshore
12,350,Verace 29,Eólica Hermenegildo II S.A., ,17900.0,1450224000000.0,EOL.CV.RS.031557-5.01,5188,EOL,26,SUL,43,Rio Grande do Sul,RS,281737.888,-53.35722860099993,-33.618186839,EPE - Projetos_Onshore - Projetos_Onshore1,onshore
13,815,Verace 30,Eólica Hermenegildo II S.A., ,17900.0,1450224000000.0,EOL.CV.RS.031602-4.01,5188,EOL,26,SUL,43,Rio Grande do Sul,RS,281737.888,-53.34410552799993,-33.60994434699996,EPE - Projetos_Onshore - Projetos_Onshore1,onshore
14,750,Verace 31,Eólica Hermenegildo II S.A., ,8950.0,1450224000000.0,EOL.CV.RS.031558-3.01,2594,EOL,26,SUL,43,Rio Grande do Sul,RS,281737.888,-53.32482123499994,-33.60715977899996,EPE - Projetos_Onshore - Projetos_Onshore1,onshore
15,628,Verace 36,Eólica Hermenegildo III S.A., ,21480.0,1451001600000.0,EOL.CV.RS.031610-5.01,6226,EOL,26,SUL,43,Rio Grande do Sul,RS,281737.888,-53.36769208799998,-33.59605533399999,EPE - Projetos_Onshore - Projetos_Onshore1,onshore
16,384,Verace X,Eólica Geribatu X S.A., ,28000.0,1424736000000.0,EOL.CV.RS.030749-1.01,8116,EOL,26,SUL,43,Rio Grande do Sul,RS,281737.888,-53.27160818299996,-33.59129694099992,EPE - Projetos_Onshore - Projetos_Onshore1,onshore
17,862,Verace 35,Eólica Hermenegildo III S.A., ,12530.0,1449792000000.0,EOL.CV.RS.031539-7.01,3632,EOL,26,SUL,43,Rio Grande do Sul,RS,281737.888,-53.35925479699998,-33.58507578599997,EPE - Projetos_Onshore - Projetos_Onshore1,onshore
18,589,Verace IX,Eólica Geribatu IX S.A., ,30000.0,1424736000000.0,EOL.CV.RS.030748-3.01,8696,EOL,26,SUL,43,Rio Grande do Sul,RS,281737.888,-53.29529078399997,-33.57671248199997,EPE - Projetos_Onshore - Projetos_Onshore1,onshore
19,739,Verace VII,Eólica Geribatu VII S.A., ,30000.0,1424736000000.0,EOL.CV.RS.030747-5.01,8696,EOL,26,SUL,43,Rio Grande do Sul,RS,281737.888,-53.24599922899991,-33.56680608499992,EPE - Projetos_Onshore - Projetos_Onshore1,onshore
20,622,Verace 34,Eólica Hermenegildo III S.A., ,14320.0,1452124800000.0,EOL.CV.RS.031601-6.01,4151,EOL,26,SUL,43,Rio Grande do Sul,RS,281737.888,-53.35263346699996,-33.56249212399994,EPE - Projetos_Onshore - Projetos_Onshore1,onshore
21,363,Verace VIII,Eólica Geribatu VIII S.A., ,26000.0,1424736000000.0,EOL.CV.RS.030755-6.01,7536,EOL,26,SUL,43,Rio Grande do Sul,RS,281737.888,-53.31075269499996,-33.5530173029999,EPE - Projetos_Onshore - Projetos_Onshore1,onshore
22,407,Verace IV,Eólica Geribatu IV S.A., ,30000.0,1424736000000.0,EOL.CV.RS.030741-6.01,8696,EOL,26,SUL,43,Rio Grande do Sul,RS,281737.888,-53.22728993599998,-33.55170738699996,EPE - Projetos_Onshore - Projetos_Onshore1,onshore
23,450,Verace VI,Eólica Geribatu VI S.A., ,18000.0,1424736000000.0,EOL.CV.RS.030740-8.01,5217,EOL,26,SUL,43,Rio Grande do Sul,RS,281737.888,-53.27688110399997,-33.54306848399998,EPE - Projetos_Onshore - Projetos_Onshore1,onshore
24,769,Verace V,Eólica Geribatu V S.A., ,30000.0,1424736000000.0,EOL.CV.RS.030829-3.01,8696,EOL,26,SUL,43,Rio Grande do Sul,RS,281737.888,-53.30120436099996,-33.53570277499992,EPE - Projetos_Onshore - Projetos_Onshore1,onshore
25,691,Verace III,Eólica Geribatu III S.A., ,26000.0,1424736000000.0,EOL.CV.RS.030746-7.01,7536,EOL,26,SUL,43,Rio Grande do Sul,RS,281737.888,-53.27900226999997,-33.52214652599995,EPE - Projetos_Onshore - Projetos_Onshore1,onshore
26,472,Verace II,Eólica Geribatu II S.A., ,20000.0,1424736000000.0,EOL.CV.RS.030742-4.01,5797,EOL,26,SUL,43,Rio Grande do Sul,RS,281737.888,-53.28320345399995,-33.50873325,EPE - Projetos_Onshore - Projetos_Onshore1,onshore
27,853,Verace I,Eólica Geribatu I S.A., ,20000.0,1424736000000.0,EOL.CV.RS.030745-9.01,5797,EOL,26,SUL,43,Rio Grande do Sul,RS,281737.888,-53.26433750899994,-33.50172009099997,EPE - Projetos_Onshore - Projetos_Onshore1,onshore
28,701,Aura Mirim IV,Santa Vitória do Palmar VIII Energias Renováveis S.A., ,15000.0,1485993600000.0,EOL.CV.RS.031663-6.01,4348,EOL,26,SUL,43,Rio Grande do Sul,RS,281737.888,-52.929759221,-33.20780634799994,EPE - Projetos_Onshore - Projetos_Onshore1,onshore
29,766,Aura Mangueira VII,Santa Vitória do Palmar XI Energias Renováveis S.A., ,24000.0,1482796800000.0,EOL.CV.RS.031805-1.01,6957,EOL,26,SUL,43,Rio Grande do Sul,RS,281737.888,-52.9301637899999,-33.18958365999996,EPE - Projetos_Onshore - Projetos_Onshore1,onshore
30,460,Aura Mangueira XI,Santa Vitória do Palmar III Energias Renováveis S.A., ,9000.0,1485993600000.0,EOL.CV.RS.031719-5.01,2609,EOL,26,SUL,43,Rio Grande do Sul,RS,281737.888,-52.92069019099996,-33.17617609499995,EPE - Projetos_Onshore - Projetos_Onshore1,onshore
31,810,Aura Mangueira XV,Santa Vitória do Palmar VI Energias Renováveis S.A., ,18000.0,1490400000000.0,EOL.CV.RS.031647-4.01,5217,EOL,26,SUL,43,Rio Grande do Sul,RS,281737.888,-52.89370134999995,-33.163351033,EPE - Projetos_Onshore - Projetos_Onshore1,onshore
32,747,Aura Mirim II,Santa Vitória do Palmar XII Energias Renováveis S.A., ,30000.0,1482796800000.0,EOL.CV.RS.031806-0.01,8696,EOL,26,SUL,43,Rio Grande do Sul,RS,281737.888,-52.91205191899994,-33.13804258799993,EPE - Projetos_Onshore - Projetos_Onshore1,onshore
33,583,Aura Mangueira XIII,Santa Vitória do Palmar V Energias Renováveis S.A., ,15000.0,1494633600000.0,EOL.CV.RS.031646-6.01,4348,EOL,26,SUL,43,Rio Grande do Sul,RS,281737.888,-52.900035229,-33.11846130099999,EPE - Projetos_Onshore - Projetos_Onshore1,onshore
34,718,Aura Mangueira XII,Santa Vitória do Palmar IV Energias Renováveis S.A., ,15000.0,1496361600000.0,EOL.CV.RS.031653-9.01,4348,EOL,26,SUL,43,Rio Grande do Sul,RS,281737.888,-52.87054515299998,-33.10746343499996,EPE - Projetos_Onshore - Projetos_Onshore1,onshore
35,673,Aura Mirim VI,Santa Vitória do Palmar IX Energias Renováveis S.A., ,9000.0,1499472000000.0,EOL.CV.RS.031701-2.01,2609,EOL,26,SUL,43,Rio Grande do Sul,RS,281737.888,-52.86192223199998,-33.09846608099998,EPE - Projetos_Onshore - Projetos_Onshore1,onshore
36,456,Aura Mangueira XVII,Santa Vitória do Palmar VII Energias Renováveis S.A., ,15000.0,1500595200000.0,EOL.CV.RS.031705-5.01,4348,EOL,26,SUL,43,Rio Grande do Sul,RS,281737.888,-52.84351885299998,-33.09506923899995,EPE - Projetos_Onshore - Projetos_Onshore1,onshore
37,723,Aura Mirim VIII,Santa Vitória do Palmar X Energias Renováveis S.A., ,9000.0,1499472000000.0,EOL.CV.RS.031699-7.01,2609,EOL,26,SUL,43,Rio Grande do Sul,RS,281737.888,-52.89569716599998,-33.08713496099992,EPE - Projetos_Onshore - Projetos_Onshore1,onshore
38,842,Aura Mangueira IV,Santa Vitória do Palmar I Energias Renováveis S.A., ,21000.0,1504310400000.0,EOL.CV.RS.031700-4.01,6087,EOL,26,SUL,43,Rio Grande do Sul,RS,281737.888,-52.83763035499993,-33.08394638799997,EPE - Projetos_Onshore - Projetos_Onshore1,onshore
39,682,Aura Mangueira VI,Santa Vitória do Palmar II Energias Renováveis S.A., ,27000.0,1505433600000.0,EOL.CV.RS.031696-2.01,7826,EOL,26,SUL,43,Rio Grande do Sul,RS,281737.888,-52.86823685199995,-33.06116202399994,EPE - Projetos_Onshore - Projetos_Onshore1,onshore
40,681,Vento Aragano I,NCER Eólica Vento Aragano I S.A., ,29700.0,1430352000000.0,EOL.CV.RS.030833-1.01,8609,EOL,26,SUL,43,Rio Grande do Sul,RS,281737.888,-52.37290819500002,-32.41452177299993,EPE - Projetos_Onshore - Projetos_Onshore1,onshore
41,631,Corredor do Senandes III,NCER Eólica Corredor do Senandes III S.A., ,27000.0,1421971200000.0,EOL.CV.RS.030819-6.01,7826,EOL,26,SUL,43,Rio Grande do Sul,RS,281737.888,-52.35546521299998,-32.41269322399999,EPE - Projetos_Onshore - Projetos_Onshore1,onshore
42,877,Corredor do Senandes II,NCER Eólica Corredor do Senandes 2 S.A., ,21600.0,1423008000000.0,EOL.CV.RS.030842-0.01,6261,EOL,26,SUL,43,Rio Grande do Sul,RS,281737.888,-52.32699999999994,-32.38620833399993,EPE - Projetos_Onshore - Projetos_Onshore1,onshore
43,492,Corredor do Senandes IV,NCER Eólica Corredor do Senandes IV Ltda., ,29700.0,1428710400000.0,EOL.CV.RS.030840-4.01,8609,EOL,26,SUL,43,Rio Grande do Sul,RS,281737.888,-52.342,-32.36886666799992,EPE - Projetos_Onshore - Projetos_Onshore1,onshore
44,519,REB Cassino I,EOL Vento Energias Renováveis S.A, ,22000.0,1421193600000.0,EOL.CV.RS.030469-7.01,6377,EOL,26,SUL,43,Rio Grande do Sul,RS,281737.888,-52.20182276699995,-32.2188128179999,EPE - Projetos_Onshore - Projetos_Onshore1,onshore
45,748,REB Cassino II,EOL Wind Energias Renováveis S.A, ,20000.0,1421193600000.0,EOL.CV.RS.030477-8.01,5797,EOL,26,SUL,43,Rio Grande do Sul,RS,281737.888,-52.21144727599995,-32.21031875700001,EPE - Projetos_Onshore - Projetos_Onshore1,onshore
46,468,REB Cassino III,EOL Brisa Energias Renováveis S.A., ,22000.0,1421193600000.0,EOL.CV.RS.030468-9.01,6377,EOL,26,SUL,43,Rio Grande do Sul,RS,281737.888,-52.22087773599996,-32.20078409299999,EPE - Projetos_Onshore - Projetos_Onshore1,onshore
47,1452,PCT SLC Alimentos,SLC Alimentos Ltda., ,5800.0,1450828800000.0,UTE.AI.RS.031292-4.01,1681,BIOMASSA,26,SUL,43,Rio Grande do Sul,RS,281737.888,-52.4245805689999,-31.74550000200001,EPE - Projetos_Onshore - Projetos_Onshore1,onshore
48,1469,Piratini,Piratini Energia S/A, ,10000.0,1043539200000.0,UTE.FL.RS.028239-1.01,2899,BIOMASSA,26,SUL,43,Rio Grande do Sul,RS,281737.888,-53.07386755399996,-31.41267666599997,EPE - Projetos_Onshore - Projetos_Onshore1,onshore
49,1491,Engenho Coradini,Engenho Coradini Ltda. Matriz, ,1200.0,1270425600000.0,UTE.AI.RS.031795-0.01,348,BIOMASSA,26,SUL,43,Rio Grande do Sul,RS,281737.888,-54.64368441599998,-30.97620860999995,EPE - Projetos_Onshore - Projetos_Onshore1,onshore
50,625,Capão do Inglês,Eletrosul Centrais Elétricas S.A., ,10000.0,1450224000000.0,EOL.CV.RS.031510-9.01,2899,EOL,26,SUL,43,Rio Grande do Sul,RS,281737.888,-55.70843583799993,-30.91629583199994,EPE - Projetos_Onshore - Projetos_Onshore1,onshore
51,787,Coxilha Seca,Eletrosul Centrais Elétricas S/A, ,30000.0,1450742400000.0,EOL.CV.RS.031487-0.01,8696,EOL,26,SUL,43,Rio Grande do Sul,RS,281737.888,-55.73522515699995,-30.88796891199997,EPE - Projetos_Onshore - Projetos_Onshore1,onshore
52,560,Galpões,Eletrosul Centrais Elétricas S.A., ,8000.0,1450224000000.0,EOL.CV.RS.031477-3.01,2319,EOL,26,SUL,43,Rio Grande do Sul,RS,281737.888,-55.67654119199992,-30.88072837099996,EPE - Projetos_Onshore - Projetos_Onshore1,onshore
53,648,Cerro Chato II,Eletrosul Centrais Elétricas S.A., ,30000.0,1313884800000.0,EOL.CV.RS.030349-6.01,8696,EOL,26,SUL,43,Rio Grande do Sul,RS,281737.888,-55.68555214799994,-30.84847282499993,EPE - Projetos_Onshore - Projetos_Onshore1,onshore
54,734,Cerro Chato I,Eletrosul Centrais Elétricas S.A., ,30000.0,1325808000000.0,EOL.CV.RS.030348-8.01,8696,EOL,26,SUL,43,Rio Grande do Sul,RS,281737.888,-55.72511055699991,-30.84066055799995,EPE - Projetos_Onshore - Projetos_Onshore1,onshore
55,761,Cerro Chato III,Eletrosul Centrais Elétricas S.A., ,30000.0,1307404800000.0,EOL.CV.RS.030350-0.01,8696,EOL,26,SUL,43,Rio Grande do Sul,RS,281737.888,-55.71424757899994,-30.80184183199999,EPE - Projetos_Onshore - Projetos_Onshore1,onshore
56,381,Ibirapuitã I,Eólica Ibirapuitã S.A., ,25200.0,1425859200000.0,EOL.CV.RS.030750-5.01,7304,EOL,26,SUL,43,Rio Grande do Sul,RS,281737.888,-55.66292519499997,-30.77088857899997,EPE - Projetos_Onshore - Projetos_Onshore1,onshore
57,578,Palmares,Parques Eólicos Palmares S.A., ,9200.0,1288310400000.0,EOL.CV.RS.028855-1.01,2667,EOL,26,SUL,43,Rio Grande do Sul,RS,281737.888,-50.39064041399996,-30.45796095399996,EPE - Projetos_Onshore - Projetos_Onshore1,onshore
58,724,Fazenda Rosário 3,Parques Eólicos Palmares S.A., ,16100.0,1309392000000.0,EOL.CV.RS.030334-8.01,4667,EOL,26,SUL,43,Rio Grande do Sul,RS,281737.888,-50.42264108899996,-30.45247967799994,EPE - Projetos_Onshore - Projetos_Onshore1,onshore
59,354,Fazenda Rosário,Parques Eólicos Palmares S.A., ,9200.0,1364342400000.0,EOL.CV.RS.030343-7.01,2667,EOL,26,SUL,43,Rio Grande do Sul,RS,281737.888,-50.38882565499991,-30.44688392799996,EPE - Projetos_Onshore - Projetos_Onshore1,onshore
60,322,Fazenda Rosário 2,Parques Eólicos Palmares S.A., ,23000.0,1309392000000.0,EOL.CV.RS.030478-6.01,6667,EOL,26,SUL,43,Rio Grande do Sul,RS,281737.888,-50.40528616099992,-30.43976077699998,EPE - Projetos_Onshore - Projetos_Onshore1,onshore
61,316,Atlântica II,Atlântica II Parque Eólico S.A., ,30000.0,1393632000000.0,EOL.CV.RS.030462-0.01,8696,EOL,26,SUL,43,Rio Grande do Sul,RS,281737.888,-50.32337884699995,-30.32652810900002,EPE - Projetos_Onshore - Projetos_Onshore1,onshore
62,669,Atlântica I,Atlântica I Parque Eólico S.A., ,30000.0,1392768000000.0,EOL.CV.RS.030457-3.01,8696,EOL,26,SUL,43,Rio Grande do Sul,RS,281737.888,-50.31609562299997,-30.318801288,EPE - Projetos_Onshore - Projetos_Onshore1,onshore
63,740,Atlântica IV,Atlântica IV Parque Eólico S.A., ,30000.0,1395446400000.0,EOL.CV.RS.030461-1.01,8696,EOL,26,SUL,43,Rio Grande do Sul,RS,281737.888,-50.33501324499998,-30.29189018399995,EPE - Projetos_Onshore - Projetos_Onshore1,onshore
64,819,Atlântica V,Atlântica V Parque Eólico S.A., ,30000.0,1384387200000.0,EOL.CV.RS.030480-8.01,8696,EOL,26,SUL,43,Rio Grande do Sul,RS,281737.888,-50.30501233199998,-30.29151576099996,EPE - Projetos_Onshore - Projetos_Onshore1,onshore
65,758,Pontal 2B,Força dos Ventos Energia Eólica S.A., ,11200.0,1420070400000.0,EOL.CV.RS.030460-3.01,3246,EOL,26,SUL,43,Rio Grande do Sul,RS,281737.888,-50.79777016599999,-30.27787747399996,EPE - Projetos_Onshore - Projetos_Onshore1,onshore
66,419,Pontal 2A,Enerplan Energia Eólica IV S.A., ,21600.0,1448496000000.0,EOL.CV.RS.031509-5.01,6261,EOL,26,SUL,43,Rio Grande do Sul,RS,281737.888,-50.78338279500001,-30.26484803199997,EPE - Projetos_Onshore - Projetos_Onshore1,onshore
67,413,Pontal 3B,Enerplan Energia Eólica III S.A., ,27000.0,1484611200000.0,EOL.CV.RS.030901-0.01,7826,EOL,26,SUL,43,Rio Grande do Sul,RS,281737.888,-50.76613155999993,-30.25605886699999,EPE - Projetos_Onshore - Projetos_Onshore1,onshore
68,1246,Biotérmica Recreio,Biotérmica Energia S.A., ,12744.0,1435104000000.0,UTE.RU.RS.030541-3.01,3694,BIOMASSA,26,SUL,43,Rio Grande do Sul,RS,281737.888,-52.02602860399993,-30.15078493899995,EPE - Projetos_Onshore - Projetos_Onshore1,onshore
69,1302,São Sepé,Sepé Geração de Energia Ltda., ,8000.0,1552435200000.0,UTE.AI.RS.034046-4.01,2319,BIOMASSA,26,SUL,43,Rio Grande do Sul,RS,281737.888,-53.65444416799996,-30.10144916699996,EPE - Projetos_Onshore - Projetos_Onshore1,onshore
70,666,Elebrás Cidreira 1,Elebrás Projetos S.A, ,70000.0,1305936000000.0,EOL.CV.RS.028712-1.01,20290,EOL,26,SUL,43,Rio Grande do Sul,RS,281737.888,-50.17205612599993,-30.07905904599995,EPE - Projetos_Onshore - Projetos_Onshore1,onshore
71,553,Índios 2,Ventos dos Índios Energia S.A., ,29900.0,1418688000000.0,EOL.CV.RS.030734-3.01,8667,EOL,26,SUL,43,Rio Grande do Sul,RS,281737.888,-50.33618486099993,-30.0194120209999,EPE - Projetos_Onshore - Projetos_Onshore1,onshore
72,889,Índios,Ventos do Sul Energia S.A., ,50000.0,1165968000000.0,EOL.CV.RS.028864-0.01,14493,EOL,26,SUL,43,Rio Grande do Sul,RS,281737.888,-50.287964049,-29.99145209599993,EPE - Projetos_Onshore - Projetos_Onshore1,onshore
73,789,Índios 3,Ventos dos índios Energia S.A., ,23000.0,1418688000000.0,EOL.CV.RS.030894-3.01,6667,EOL,26,SUL,43,Rio Grande do Sul,RS,281737.888,-50.33240102299993,-29.98306343299996,EPE - Projetos_Onshore - Projetos_Onshore1,onshore
74,555,Osório 3,Ventos do Litoral Energia S.A., ,29900.0,1360886400000.0,EOL.CV.RS.030449-2.01,8667,EOL,26,SUL,43,Rio Grande do Sul,RS,281737.888,-50.25494395699994,-29.98147963799992,EPE - Projetos_Onshore - Projetos_Onshore1,onshore
75,303,Osório,Ventos do Sul Energia S.A., ,50000.0,1151539200000.0,EOL.CV.RS.028810-1.01,14493,EOL,26,SUL,43,Rio Grande do Sul,RS,281737.888,-50.28257195299999,-29.96309236499999,EPE - Projetos_Onshore - Projetos_Onshore1,onshore
76,863,Sangradouro 3,Ventos da Lagoa Energia S.A., ,27600.0,1337644800000.0,EOL.CV.RS.030330-5.01,8000,EOL,26,SUL,43,Rio Grande do Sul,RS,281737.888,-50.31139206899999,-29.95953182300001,EPE - Projetos_Onshore - Projetos_Onshore1,onshore
77,883,Osório 2,Ventos do Litoral Energia  S.A., ,27600.0,1355875200000.0,EOL.CV.RS.030286-4.01,8000,EOL,26,SUL,43,Rio Grande do Sul,RS,281737.888,-50.25159686099993,-29.94453822299995,EPE - Projetos_Onshore - Projetos_Onshore1,onshore
78,502,Sangradouro,Ventos do Sul Energia S.A., ,50000.0,1159574400000.0,EOL.CV.RS.028811-0.01,14493,EOL,26,SUL,43,Rio Grande do Sul,RS,281737.888,-50.29843055699993,-29.93244598499997,EPE - Projetos_Onshore - Projetos_Onshore1,onshore
79,396,Sangradouro 2,Ventos da Lagoa Energia S.A., ,29900.0,1349136000000.0,EOL.CV.RS.030381-0.01,8667,EOL,26,SUL,43,Rio Grande do Sul,RS,281737.888,-50.28233113599995,-29.91204857499999,EPE - Projetos_Onshore - Projetos_Onshore1,onshore
80,1502,SVA,Silica Verde do Arroz Ltda., ,4900.0,1228089600000.0,UTE.AI.RS.029148-0.01,1420,BIOMASSA,26,SUL,43,Rio Grande do Sul,RS,281737.888,-55.81619412399991,-29.80335495399989,EPE - Projetos_Onshore - Projetos_Onshore1,onshore
81,1378,CAAL,Cooperativa Agroindustrial Alegrete Ltda, ,3825.0,1354579200000.0,UTE.AI.RS.028600-1.01,1109,BIOMASSA,26,SUL,43,Rio Grande do Sul,RS,281737.888,-55.76953455399993,-29.78250966599999,EPE - Projetos_Onshore - Projetos_Onshore1,onshore
82,735,Xangri-Lá,Honda Energy do Brasil Ltda., ,27675.0,1418256000000.0,EOL.CV.RS.031302-5.01,8022,EOL,26,SUL,43,Rio Grande do Sul,RS,281737.888,-50.07359619899995,-29.77672720100001,EPE - Projetos_Onshore - Projetos_Onshore1,onshore
83,151,Picada 48,Picada 48 Geração e Comércio de Energia Elétrica Ltda.,Arroio Feitoria,1270.0,1355961600000.0,CGH.PH.RS.002054-0.01,368,HIDRO,26,SUL,43,Rio Grande do Sul,RS,281737.888,-51.11729687799997,-29.58405754900001,EPE - Projetos_Onshore - Projetos_Onshore1,onshore
84,1655,Dona Francisca,"Companhia Estadual de Energia Elétrica, Companhia Estadual de Geração e Transmissão de Energia Elétrica, Campanhia Dona Francisca Energética S.A.",Rio Jacuí,125000.0,981331200000.0,UHE.PH.RS.027012-1.01,36232,HIDRO,26,SUL,43,Rio Grande do Sul,RS,281737.888,-53.28500396699997,-29.44908829900002,EPE - Projetos_Onshore - Projetos_Onshore1,onshore
85,1543,Canastra,Companhia Estadual de Geração e Transmissão de Energia Elétrica,Rio Santa Maria,44800.0,-2040163200000.0,UHE.PH.RS.000635-1.01,12986,HIDRO,26,SUL,43,Rio Grande do Sul,RS,281737.888,-50.70205610699993,-29.34664116999993,EPE - Projetos_Onshore - Projetos_Onshore1,onshore
86,1526,Bugres,Companhia Estadual de Geração e Transmissão de Energia Elétrica-CEEE-GT,Rio Santa Cruz,17620.0,-568080000000.0,UHE.PH.RS.000324-7.01,5107,HIDRO,26,SUL,43,Rio Grande do Sul,RS,281737.888,-50.67983611099997,-29.31480833299996,EPE - Projetos_Onshore - Projetos_Onshore1,onshore
87,140,Toca,Companhia Estadual de Geração e Transmissão de Energia Elétrica,Rio Santa Cruz,1000.0,-1016236800000.0,CGH.PH.RS.002853-3.01,290,HIDRO,26,SUL,43,Rio Grande do Sul,RS,281737.888,-50.74051138899993,-29.28910861099995,EPE - Projetos_Onshore - Projetos_Onshore1,onshore
88,1580,Itaúba,Companhia Estadual de Geração e Transmissão de Energia Elétrica,Rio Jacuí,500400.0,283996800000.0,UHE.PH.RS.027019-9.01,0,HIDRO,26,SUL,43,Rio Grande do Sul,RS,281737.888,-53.23588333299993,-29.26071944399998,EPE - Projetos_Onshore - Projetos_Onshore1,onshore
89,1752,Cambará, , ,50000.0,,UTE.FL.RS.033883-4.01,14493,BIOMASSA,26,SUL,43,Rio Grande do Sul,RS,281737.888,-50.23985765899994,-29.20663874799997,EPE - Projetos_Onshore - Projetos_Onshore1,onshore
90,1477,Itaqui,Camil Alimentos S/A, ,4200.0,984009600000.0,UTE.AI.RS.027948-0.01,1217,BIOMASSA,26,SUL,43,Rio Grande do Sul,RS,281737.888,-56.54353455399993,-29.12100966599998,EPE - Projetos_Onshore - Projetos_Onshore1,onshore
91,88,Dona Maria Piana,Maria Piana Geração de Energia S.A.,Rio Togas,1000.0,1288569600000.0,CGH.PH.RS.028204-9.01,290,HIDRO,26,SUL,43,Rio Grande do Sul,RS,281737.888,-51.30953474399995,-29.08993583999993,EPE - Projetos_Onshore - Projetos_Onshore1,onshore
92,1688,Jacuí,Companhia Estadual de Geração e Transmissão de Energia Elétrica CEEE-GT,Rio Jacuí,180000.0,-252460800000.0,UHE.PH.RS.001217-3.01,52174,HIDRO,26,SUL,43,Rio Grande do Sul,RS,281737.888,-53.20897222199996,-29.073513889,EPE - Projetos_Onshore - Projetos_Onshore1,onshore
93,1669,14 de Julho,Companhia Energética Rio das Antas,Rio das Antas,100000.0,1230163200000.0,UHE.PH.RS.000012-4.01,28986,HIDRO,26,SUL,43,Rio Grande do Sul,RS,281737.888,-51.67494166699999,-29.06475277799994,EPE - Projetos_Onshore - Projetos_Onshore1,onshore
94,1613,Monte Claro,Companhia Energética Rio das Antas,Antas,130000.0,1104278400000.0,UHE.PH.RS.027968-4.01,37681,HIDRO,26,SUL,43,Rio Grande do Sul,RS,281737.888,-51.52125794099993,-29.03083717299995,EPE - Projetos_Onshore - Projetos_Onshore1,onshore
95,1645,Passo Real,Companhia Estadual de Geração e Transmissão de Energia Elétrica,Rio Jacuí,158000.0,94694400000.0,UHE.PH.RS.002003-6.01,45797,HIDRO,26,SUL,43,Rio Grande do Sul,RS,281737.888,-53.19004307999997,-29.01700012500002,EPE - Projetos_Onshore - Projetos_Onshore1,onshore
96,1687,Castro Alves,Companhia Energética Rio das Antas,Rio das Antas,130000.0,1204588800000.0,UHE.PH.RS.000718-8.01,37681,HIDRO,26,SUL,43,Rio Grande do Sul,RS,281737.888,-51.38441770499995,-29.00529865699995,EPE - Projetos_Onshore - Projetos_Onshore1,onshore
97,164,Soledade,Cooperativa de Geração e Desenvolvimento Fontoura Xavier - CERFOX,Rio Fão,1196.0,1556668800000.0,CGH.PH.RS.000931-8.03,347,HIDRO,26,SUL,43,Rio Grande do Sul,RS,281737.888,-52.48592888899994,-28.93772055599995,EPE - Projetos_Onshore - Projetos_Onshore1,onshore
98,54,Taipinha,CERFOX - Cooperativa de Geração e Desenvolvimento Fontoura Xavier Ltda.,Lajeado Taipinha,864.0,1321142400000.0,CGH.PH.RS.030668-1.01,250,HIDRO,26,SUL,43,Rio Grande do Sul,RS,281737.888,-52.50642642299994,-28.93657670699999,EPE - Projetos_Onshore - Projetos_Onshore1,onshore
99,206,Guaporé,CPFL Sul Centrais Elétricas Ltda.,Rio Guaporé,667.2,-631152000000.0,CGH.PH.RS.001067-7.01,193,HIDRO,26,SUL,43,Rio Grande do Sul,RS,281737.888,-51.94670264999993,-28.907096536,EPE - Projetos_Onshore - Projetos_Onshore1,onshore
100,117,RP 1,R. P. Administração & Participação Ltda.,Arroio Butiá,1280.0,1429833600000.0,CGH.PH.RS.031695-4.01,371,HIDRO,26,SUL,43,Rio Grande do Sul,RS,281737.888,-52.70141829099997,-28.84009550999996,EPE - Projetos_Onshore - Projetos_Onshore1,onshore
101,290,Igrejinha,Boa Vista do Cadeado Energia Ltda.,Rio Ijuizinho,4850.0,1604966400000.0,CGH.PH.RS.034672-1.01,1406,HIDRO,26,SUL,43,Rio Grande do Sul,RS,281737.888,-53.97152493299997,-28.79563874199989,EPE - Projetos_Onshore - Projetos_Onshore1,onshore
102,1497,Forespel - Energia Renovável de Pellets,Forespel - Energia Renovável de Pellets Ltda., ,3700.0,1480550400000.0,UTE.FL.RS.043021-8.01,1072,BIOMASSA,26,SUL,43,Rio Grande do Sul,RS,281737.888,-50.11845689999996,-28.73248689999993,EPE - Projetos_Onshore - Projetos_Onshore1,onshore
103,1434,São Borja,UTE São Borja Geradora de Eenrgia Elétrica S/A, ,12500.0,1322179200000.0,UTE.AI.RS.029583-3.01,3623,BIOMASSA,26,SUL,43,Rio Grande do Sul,RS,281737.888,-55.91470122099997,-28.67100966599997,EPE - Projetos_Onshore - Projetos_Onshore1,onshore
104,212,Faxinal,Faxinal Geração de Energia Ltda.,Arroio Faxinal,1000.0,1557446400000.0,CGH.PH.RS.038245-0.01,290,HIDRO,26,SUL,43,Rio Grande do Sul,RS,281737.888,-51.35444444399992,-28.64749999999997,EPE - Projetos_Onshore - Projetos_Onshore1,onshore
105,134,Saltinho,CPFL Sul Centrais Elétricas Ltda.,Rio da Telha,800.0,-631152000000.0,CGH.PH.RS.002572-0.01,232,HIDRO,26,SUL,43,Rio Grande do Sul,RS,281737.888,-51.35502379399998,-28.61921268999999,EPE - Projetos_Onshore - Projetos_Onshore1,onshore
106,7,Trabuco,Ipê Geração de Energia Elétrica Ltda.,Rio Trabuco,2000.0,1392076800000.0,CGH.PH.RS.031330-0.01,580,HIDRO,26,SUL,43,Rio Grande do Sul,RS,281737.888,-51.23443415699997,-28.60246857199996,EPE - Projetos_Onshore - Projetos_Onshore1,onshore
107,175,Treze de Maio,Treze de Maio Geração de Energia Ltda.,Rio do Salto,850.0,1368576000000.0,CGH.PH.SC.031118-9.01,246,HIDRO,21,SUL,42,Santa Catarina,SC,95737.954,-49.12249999999993,-28.56694444399993,EPE - Projetos_Onshore - Projetos_Onshore1,onshore
108,265,Cascata do Pinheirinho,COPREL - Cooperativa de Geração de Energia e Desenvolvimento.,Rio Pinheirinho,895.0,731203200000.0,CGH.PH.RS.000706-4.01,259,HIDRO,26,SUL,43,Rio Grande do Sul,RS,281737.888,-53.25166666699996,-28.56582499999994,EPE - Projetos_Onshore - Projetos_Onshore1,onshore
109,161,Santo Antônio de Casca,Santo Antônio Geração de Energia Ltda.,Rio São Domingos,990.0,1504224000000.0,CGH.PH.RS.038225-6.01,287,HIDRO,26,SUL,43,Rio Grande do Sul,RS,281737.888,-51.90856934199994,-28.52031021899991,EPE - Projetos_Onshore - Projetos_Onshore1,onshore
110,664,Tubarão P&D,Engie Brasil Energia S.A., ,2099.5,1403136000000.0,EOL.CV.SC.032016-1.01,609,EOL,21,SUL,42,Santa Catarina,SC,95737.954,-49.03715883099997,-28.48092510799999,EPE - Projetos_Onshore - Projetos_Onshore1,onshore
111,591,Púlpito,Púlpito Energia Eólica S.A., ,30000.0,1313712000000.0,EOL.CV.SC.029051-3.01,8696,EOL,21,SUL,42,Santa Catarina,SC,95737.954,-49.60503447699998,-28.47100138599993,EPE - Projetos_Onshore - Projetos_Onshore1,onshore
112,149,Osvaldo Dino Pigozzi,Zebu Agro Industrial Ltda.,Rio da Glória,400.0,63072000000.0,CGH.PH.RS.037327-3.01,116,HIDRO,26,SUL,43,Rio Grande do Sul,RS,281737.888,-52.699166667,-28.46138888899995,EPE - Projetos_Onshore - Projetos_Onshore1,onshore
113,857,Santo Antônio,Santo Antônio Energia Eólica S.A., ,3000.0,1310083200000.0,EOL.CV.SC.029053-0.01,870,EOL,21,SUL,42,Santa Catarina,SC,95737.954,-49.59836683199994,-28.45514691699996,EPE - Projetos_Onshore - Projetos_Onshore1,onshore
114,1161,Nova Aurora,100% para ENGIE BRASIL ENERGIA S.A. (REG), ,4445.83,1364428800000.0,UFV.RS.SC.031430-7.01,1289,UFV,21,SUL,42,Santa Catarina,SC,95737.954,-48.97472207000001,-28.44777818999992,EPE - Projetos_Onshore - Projetos_Onshore1,onshore
115,674,Rio do Ouro,Rio de Ouro Energia Eólica S.A., ,30000.0,1310083200000.0,EOL.CV.SC.029055-6.01,8696,EOL,21,SUL,42,Santa Catarina,SC,95737.954,-49.60757872799999,-28.44642611499995,EPE - Projetos_Onshore - Projetos_Onshore1,onshore
116,368,Bom Jardim,Bom Jardim Energia Eólica S.A., ,30000.0,1319241600000.0,EOL.CV.SC.029062-9.01,8696,EOL,21,SUL,42,Santa Catarina,SC,95737.954,-49.57030656099992,-28.44025771199993,EPE - Projetos_Onshore - Projetos_Onshore1,onshore
117,244,Rio Palmeiras I,Antônio Fornasa Administradora de Bens Ltda.,Rio Palmeiras,1500.0,1009843200000.0,CGH.PH.SC.028195-6.02,435,HIDRO,21,SUL,42,Santa Catarina,SC,95737.954,-49.25265547799997,-28.41908876399997,EPE - Projetos_Onshore - Projetos_Onshore1,onshore
118,53,Rio Palmeiras II,Antônio Fornasa Administradora de Bens Ltda.,Rio Palmeiras,1250.0,1143676800000.0,CGH.PH.SC.029377-6.02,362,HIDRO,21,SUL,42,Santa Catarina,SC,95737.954,-49.26698212699991,-28.41750423499997,EPE - Projetos_Onshore - Projetos_Onshore1,onshore
119,104,Invernadinha,Rondinha Geradora de Energia Ltda.,Rio Invernadinha,2430.0,1341100800000.0,CGH.PH.SC.030261-9.02,704,HIDRO,21,SUL,42,Santa Catarina,SC,95737.954,-49.91318137999993,-28.40730761499997,EPE - Projetos_Onshore - Projetos_Onshore1,onshore
120,35,Andorinhas,CPFL Sul Centrais Elétricas Ltda.,Rio Poritibu,512.0,-1041379200000.0,CGH.PH.RS.000702-1.01,148,HIDRO,26,SUL,43,Rio Grande do Sul,RS,281737.888,-53.80990862799992,-28.40460125399996,EPE - Projetos_Onshore - Projetos_Onshore1,onshore
121,68,Caxambu,Fockink Participações Ltda.,Rio Caxambu,975.0,1415404800000.0,CGH.PH.RS.002317-5.01,283,HIDRO,26,SUL,43,Rio Grande do Sul,RS,281737.888,-53.45851376599999,-28.39725460299996,EPE - Projetos_Onshore - Projetos_Onshore1,onshore
122,163,Pinheiros II,CERP - Energética Rio Pinheiros Ltda.,Rio Pinheiros Altos,155.0,1081382400000.0,CGH.PH.SC.028776-8.01,45,HIDRO,21,SUL,42,Santa Catarina,SC,95737.954,-49.21114101399999,-28.31733149199994,EPE - Projetos_Onshore - Projetos_Onshore1,onshore
123,89,Rio das Furnas,CERP - Energética Rio Pinheiros Ltda.,Rio das Furnas,290.0,1249430400000.0,CGH.PH.SC.028778-4.01,84,HIDRO,21,SUL,42,Santa Catarina,SC,95737.954,-49.19921696299998,-28.31178520599996,EPE - Projetos_Onshore - Projetos_Onshore1,onshore
124,1689,Passo de Ajuricaba,Departamento Municipal de Energia de Ijuí Geração,Rio Ijuí,6200.0,-322012800000.0,UHE.PH.RS.001997-6.01,1797,HIDRO,26,SUL,43,Rio Grande do Sul,RS,281737.888,-53.81013862799995,-28.28279742999994,EPE - Projetos_Onshore - Projetos_Onshore1,onshore
125,222,Rio Palmeiras,Hidroelétrica Palmeiras S.A.,Arroio Palmeiras,740.0,-788918400000.0,CGH.PH.RS.002430-9.01,214,HIDRO,26,SUL,43,Rio Grande do Sul,RS,281737.888,-53.56136248699991,-28.24898989500001,EPE - Projetos_Onshore - Projetos_Onshore1,onshore
126,83,Teodoro Schlickmann,Ewel Indústria de Esmaltados Werner Eireli.,Rio Braço do Norte,1299.99,1032480000000.0,CGH.PH.SC.030591-0.01,377,HIDRO,21,SUL,42,Santa Catarina,SC,95737.954,-49.16361111099994,-28.23777777799992,EPE - Projetos_Onshore - Projetos_Onshore1,onshore
127,165,Mambuca,Pampa Geradora de Energia Elétrica Ltda.,Arroio Barbosa,1000.0,1474848000000.0,CGH.PH.RS.037128-9.01,290,HIDRO,26,SUL,43,Rio Grande do Sul,RS,281737.888,-53.62887769299995,-28.21390412800001,EPE - Projetos_Onshore - Projetos_Onshore1,onshore
128,33,Rio Alegre,Hidropan Geração de Energia Elétrica S.A.,Lajeado do Alegre,760.0,946684800000.0,CGH.PH.RS.002280-2.01,220,HIDRO,26,SUL,43,Rio Grande do Sul,RS,281737.888,-53.44065117699996,-28.20204633499997,EPE - Projetos_Onshore - Projetos_Onshore1,onshore
129,1607,São José,Ijuí Energia S.A.,Rio Ijuí,51000.0,1301356800000.0,UHE.PH.RS.029459-4.01,14783,HIDRO,26,SUL,43,Rio Grande do Sul,RS,281737.888,-54.81463674599995,-28.17736604199992,EPE - Projetos_Onshore - Projetos_Onshore1,onshore
130,248,Dona Mirian,Consultoria Agropecuária Magrin Ltda.,Lajeado dos Ivos,632.0,1002758400000.0,CGH.PH.RS.028941-8.01,183,HIDRO,26,SUL,43,Rio Grande do Sul,RS,281737.888,-51.50000468599993,-28.15558733799998,EPE - Projetos_Onshore - Projetos_Onshore1,onshore
131,174,Pirapó,CPFL Sul Centrais Elétricas Ltda.,Rio Ijuí,776.0,-568080000000.0,CGH.PH.RS.028089-5.01,225,HIDRO,26,SUL,43,Rio Grande do Sul,RS,281737.888,-55.06582011200003,-28.14207672399996,EPE - Projetos_Onshore - Projetos_Onshore1,onshore
132,1609,Passo São João,Eletrosul Centrais Elétricas S.A.,Rio Ijuí,77000.0,1332547200000.0,UHE.PH.RS.029456-0.01,22319,HIDRO,26,SUL,43,Rio Grande do Sul,RS,281737.888,-55.05239627299991,-28.14172626299992,EPE - Projetos_Onshore - Projetos_Onshore1,onshore
133,22,Posto,COPREL Cooperativa de Geração de Energia e Desenvolvimento,Rio Forquilha ou Inhanduva,780.0,833587200000.0,CGH.PH.RS.028915-9.01,226,HIDRO,26,SUL,43,Rio Grande do Sul,RS,281737.888,-51.62731836700003,-28.12909599300001,EPE - Projetos_Onshore - Projetos_Onshore1,onshore
134,181,Wiggers,Valmiro Wiggers & Cia. Ltda.,Rio Bravo,600.0,1138665600000.0,CGH.PH.SC.029384-9.01,174,HIDRO,21,SUL,42,Santa Catarina,SC,95737.954,-49.12904000599998,-28.11413853999992,EPE - Projetos_Onshore - Projetos_Onshore1,onshore
135,261,Rio Chapéu,Central Geradora Hidrelétrica JE Ltda. - EPP,Rio Chapéu,960.0,1177027200000.0,CGH.PH.SC.029425-0.01,278,HIDRO,21,SUL,42,Santa Catarina,SC,95737.954,-49.198845831,-28.09956482799996,EPE - Projetos_Onshore - Projetos_Onshore1,onshore
136,249,Volta Grande,Cooperzem Cooperativa de Geração de Energia e Desenvolvimento,Rio Capivari,3130.0,1480550400000.0,CGH.PH.SC.030494-8.02,907,HIDRO,21,SUL,42,Santa Catarina,SC,95737.954,-48.94375499999992,-28.09045148899999,EPE - Projetos_Onshore - Projetos_Onshore1,onshore
137,279,Santa Maria,Central Geradora Hidroelétrica Santa Maria Ltda.,Rio Capivari,513.0,1527811200000.0,CGH.PH.SC.044298-4.01,149,HIDRO,21,SUL,42,Santa Catarina,SC,95737.954,-48.95191666699994,-28.04659166699993,EPE - Projetos_Onshore - Projetos_Onshore1,onshore
138,238,Rio do Poncho II,Cooperzem - Cooperativa de Geração de Energia e Desenvolvimento,Rio Capivari,883.0,911088000000.0,CGH.PH.SC.029592-2.01,256,HIDRO,21,SUL,42,Santa Catarina,SC,95737.954,-48.93309610299995,-28.02590419499994,EPE - Projetos_Onshore - Projetos_Onshore1,onshore
139,91,Caraguatá,Cooperativa de Geração de Energia e Desenvolvimento - COOPERLUZ,Rio Comandai,953.1,1096588800000.0,CGH.PH.RS.028740-7.01,276,HIDRO,26,SUL,43,Rio Grande do Sul,RS,281737.888,-54.83536609799994,-28.02309997899991,EPE - Projetos_Onshore - Projetos_Onshore1,onshore
140,15,Rio do Poncho I,Cooperzem - Cooperativa de Geração de Energia e Desenvolvimento,Rio Chicão,1000.0,780624000000.0,CGH.PH.SC.030368-2.01,290,HIDRO,21,SUL,42,Santa Catarina,SC,95737.954,-48.87854763099996,-28.0043273909999,EPE - Projetos_Onshore - Projetos_Onshore1,onshore
141,260,Varginha Jelu,Hidrelétrica Jelu Ltda.,Rio Braço do Norte,2000.0,1220918400000.0,CGH.PH.SC.029158-7.02,580,HIDRO,21,SUL,42,Santa Catarina,SC,95737.954,-49.101830349,-27.98284326299999,EPE - Projetos_Onshore - Projetos_Onshore1,onshore
142,81,Nilo Bonfante,Cooperativa de Geração de Energia e Desenvolvimento Social Ltda.,Rio Buricá,680.0,944784000000.0,CGH.PH.RS.029022-0.01,197,HIDRO,26,SUL,43,Rio Grande do Sul,RS,281737.888,-53.97034263799993,-27.96131742399999,EPE - Projetos_Onshore - Projetos_Onshore1,onshore
143,23,Cascata do Barreiro,Cooperativa de Geração de Energia e Desenvolvimento - Creluz-G,Lajeado Grande,280.0,1133913600000.0,CGH.PH.RS.029551-5.01,81,HIDRO,26,SUL,43,Rio Grande do Sul,RS,281737.888,-53.13513295199989,-27.88538540299997,EPE - Projetos_Onshore - Projetos_Onshore1,onshore
144,37,Abaúna,Cooperativa de Geração de Energia e Desenvolvimento-CRERAL,Rio Abaúna,720.0,971568000000.0,CGH.PH.RS.000015-9.01,209,HIDRO,26,SUL,43,Rio Grande do Sul,RS,281737.888,-52.06999342499998,-27.82373965100001,EPE - Projetos_Onshore - Projetos_Onshore1,onshore
145,1293,Lages,Lages Bioenergética Ltda., ,28000.0,1072137600000.0,UTE.FL.SC.028745-8.01,8116,BIOMASSA,21,SUL,42,Santa Catarina,SC,95737.954,-50.32600017999995,-27.815999914,EPE - Projetos_Onshore - Projetos_Onshore1,onshore
146,253,Caveiras,Celesc Geração S.A.,Rio das Caveiras,3800.0,-946771200000.0,CGH.PH.SC.000728-5.02,1101,HIDRO,21,SUL,42,Santa Catarina,SC,95737.954,-50.48027777299994,-27.81555555499991,EPE - Projetos_Onshore - Projetos_Onshore1,onshore
147,92,Willy Faller,Mafrás Energia e Reflorestamento Ltda.,Lajeado dos Portões,1000.0,1483228800000.0,CGH.PH.SC.030845-5.01,290,HIDRO,21,SUL,42,Santa Catarina,SC,95737.954,-51.00099999999996,-27.79035833299999,EPE - Projetos_Onshore - Projetos_Onshore1,onshore
148,285,Bela União (Trincheira),Cooperativa de Geração de Energia e Desenvolvimento,Rio Santa Rosa,2250.0,1428624000000.0,CGH.PH.RS.030879-0.01,652,HIDRO,26,SUL,43,Rio Grande do Sul,RS,281737.888,-54.37361111099996,-27.78138888899993,EPE - Projetos_Onshore - Projetos_Onshore1,onshore
149,1659,Barra Grande,Energética Barra Grande S.A.,Rio Pelotas,690000.0,1130803200000.0,UHE.PH.RS.027556-5.01,0,HIDRO,26,SUL,43,Rio Grande do Sul,RS,281737.888,-51.19189953699995,-27.78026185499994,EPE - Projetos_Onshore - Projetos_Onshore1,onshore
150,273,Santo Antônio,Cooperativa de Geração de Energia e Desenvolvimento,Rio Santa Rosa,4500.0,1128038400000.0,CGH.PH.RS.029050-5.01,1304,HIDRO,26,SUL,43,Rio Grande do Sul,RS,281737.888,-54.40777777799994,-27.73055555599993,EPE - Projetos_Onshore - Projetos_Onshore1,onshore
151,1145,Solar Boa Vista,100% para CRELUZ - COOPERATIVA DE GERAÇÃO DE ENERGIA E DESENVOLVIMENTO (REG), ,729.6,1580515200000.0,UFV.RS.RS.046252-7.01,211,UFV,26,SUL,43,Rio Grande do Sul,RS,281737.888,-53.30733330600001,-27.68769438799999,EPE - Projetos_Onshore - Projetos_Onshore1,onshore
152,1457,Energir,Energir Geração de Energia Elétrica Ltda., ,7000.0,1536105600000.0,UTE.FL.RS.035434-1.01,2029,BIOMASSA,26,SUL,43,Rio Grande do Sul,RS,281737.888,-52.28750001099993,-27.67388888899992,EPE - Projetos_Onshore - Projetos_Onshore1,onshore
153,162,Antunes,Antunes Energia Ltda.,Arroio dos Antunes,1000.0,1355097600000.0,CGH.PH.SC.030880-3.01,290,HIDRO,21,SUL,42,Santa Catarina,SC,95737.954,-51.19311657099993,-27.65634654099992,EPE - Projetos_Onshore - Projetos_Onshore1,onshore
154,1600,Garibaldi,Rio Canoas Energia S.A.,Rio Canoas,191900.0,1379980800000.0,UHE.PH.SC.030415-8.01,55623,HIDRO,21,SUL,42,Santa Catarina,SC,95737.954,-50.98471108999993,-27.62563540899995,EPE - Projetos_Onshore - Projetos_Onshore1,onshore
155,1720,Campos Novos,Campos Novos Energia S/A.,Rio Canoas,880000.0,1170460800000.0,UHE.PH.SC.027401-1.01,0,HIDRO,21,SUL,42,Santa Catarina,SC,95737.954,-51.32711723699998,-27.60411890399993,EPE - Projetos_Onshore - Projetos_Onshore1,onshore
156,194,Carlos Bevilácqua,CRELUZ - Cooperativa de Geração de Energia e Desenvolvimento,Rio Fortaleza,801.0,1233273600000.0,CGH.PH.RS.028688-5.01,232,HIDRO,26,SUL,43,Rio Grande do Sul,RS,281737.888,-53.39194766399997,-27.60273523899993,EPE - Projetos_Onshore - Projetos_Onshore1,onshore
157,150,Pito,Pinhal Geradora de Energia S.A .,Lajeado do Curtume ou Passo Grande,4000.0,1447804800000.0,CGH.PH.SC.030794-7.02,1159,HIDRO,21,SUL,42,Santa Catarina,SC,95737.954,-51.35575952699993,-27.58281294700001,EPE - Projetos_Onshore - Projetos_Onshore1,onshore
158,292,Pingo De Ouro,Pequena Central Hidrelétrica Rio Imaruí Ltda.,Rio Maruim,2400.0,1575244800000.0,CGH.PH.SC.046694-8.01,696,HIDRO,21,SUL,42,Santa Catarina,SC,95737.954,-48.73166666699993,-27.58166666699994,EPE - Projetos_Onshore - Projetos_Onshore1,onshore
159,1158,Megawatt Solar,100% para ELETROBRAS CGT ELETROSUL (REG), ,930.0,1403568000000.0,UFV.RS.SC.031635-0.01,270,UFV,21,SUL,42,Santa Catarina,SC,95737.954,-48.50816999999996,-27.57789999999994,EPE - Projetos_Onshore - Projetos_Onshore1,onshore
160,94,Moinho,CRELUS - Cooperativa de Geração de Energia e Desenvolvimento,Rio Jaboticaba,270.0,1177977600000.0,CGH.PH.RS.028690-7.01,78,HIDRO,26,SUL,43,Rio Grande do Sul,RS,281737.888,-53.18819527599993,-27.56224751099999,EPE - Projetos_Onshore - Projetos_Onshore1,onshore
161,1621,Passo Fundo,Tractebel Energia S/A,Rio Passo Fundo,226000.0,102297600000.0,UHE.PH.RS.002001-0.01,65507,HIDRO,26,SUL,43,Rio Grande do Sul,RS,281737.888,-52.74140696499991,-27.55318839199997,EPE - Projetos_Onshore - Projetos_Onshore1,onshore
162,1714,Garcia,Celesc Geração S.A.,Rio Garcia,8920.0,-2209161600000.0,UHE.PH.SC.001019-7.01,2586,HIDRO,21,SUL,42,Santa Catarina,SC,95737.954,-49.00626343099994,-27.54863068499998,EPE - Projetos_Onshore - Projetos_Onshore1,onshore
163,180,Ivo Silveira,Celesc Geração S.A.,Rio Santa Cruz,2600.0,-69984000000.0,CGH.PH.SC.001202-5.02,754,HIDRO,21,SUL,42,Santa Catarina,SC,95737.954,-51.44024806499996,-27.54112707199997,EPE - Projetos_Onshore - Projetos_Onshore1,onshore
164,65,Barra Clara,BC Service Energética S.A.,Rio Engano,1600.0,1267142400000.0,CGH.PH.SC.029764-0.02,464,HIDRO,21,SUL,42,Santa Catarina,SC,95737.954,-49.10332843199996,-27.52949738099998,EPE - Projetos_Onshore - Projetos_Onshore1,onshore
165,1718,Machadinho,Companhia Brasileira de Alumínio,Rio Uruguai,1140000.0,1013817600000.0,UHE.PH.SC.001356-0.01,0,HIDRO,21,SUL,42,Santa Catarina,SC,95737.954,-51.78968313499992,-27.52706416199991,EPE - Projetos_Onshore - Projetos_Onshore1,onshore
166,166,Coqueiral,Coqueiral Energética Ltda.,Rio Engano,3187.8,1220918400000.0,CGH.PH.SC.029769-0.02,924,HIDRO,21,SUL,42,Santa Catarina,SC,95737.954,-49.07954734499997,-27.52038274099989,EPE - Projetos_Onshore - Projetos_Onshore1,onshore
167,236,Frederico João Cerutti SA,Hidrelétrica Frederico João Cerutti S.A.,Rio Fortaleza,1200.0,1072742400000.0,CGH.PH.RS.029037-8.01,348,HIDRO,26,SUL,43,Rio Grande do Sul,RS,281737.888,-53.43115504599993,-27.51329969299994,EPE - Projetos_Onshore - Projetos_Onshore1,onshore
168,250,Médio Garcia,Hidrelétrica Médio Garcia SPE Ltda.,Rio Garcia,1000.0,1545955200000.0,CGH.PH.SC.035742-1.01,290,HIDRO,21,SUL,42,Santa Catarina,SC,95737.954,-49.00001469599992,-27.51138473199995,EPE - Projetos_Onshore - Projetos_Onshore1,onshore
169,1729,São Roque, ,Canoas,141900.0,,UHE.PH.SC.030938-9.01,41130,HIDRO,21,SUL,42,Santa Catarina,SC,95737.954,-50.8510337449999,-27.51119184899998,EPE - Projetos_Onshore - Projetos_Onshore1,onshore
170,2037,Garcia de Angelina, ,Garcia,2000.0,,CGH.PH.SC.037419-9.01,580,HIDRO,21,SUL,42,Santa Catarina,SC,95737.954,-48.99744611599994,-27.50657047199996,EPE - Projetos_Onshore - Projetos_Onshore1,onshore
171,207,Passo do Cervo,Usinas Hidrelétricas Bringhenti Ltda.,Lajeado Água Branca,750.0,1430524800000.0,CGH.PH.RS.035444-9.01,217,HIDRO,26,SUL,43,Rio Grande do Sul,RS,281737.888,-52.80109855399992,-27.47638810399996,EPE - Projetos_Onshore - Projetos_Onshore1,onshore
172,129,Rio Fortaleza,Cooperativa de Geração de Energia e Desenvolvimento,Arroio Fortaleza,880.0,930787200000.0,CGH.PH.RS.027100-4.01,255,HIDRO,26,SUL,43,Rio Grande do Sul,RS,281737.888,-53.45746107400002,-27.47356683199994,EPE - Projetos_Onshore - Projetos_Onshore1,onshore
173,1548,Pery,Celesc Geração S.A.,Rio Canoas,30000.0,1382572800000.0,UHE.PH.SC.002045-1.01,8696,HIDRO,21,SUL,42,Santa Catarina,SC,95737.954,-50.63972378399992,-27.45775289299995,EPE - Projetos_Onshore - Projetos_Onshore1,onshore
174,200,Braga,Cooperativa de Geração de Energia e Desenvolvimento,Rio Braga,520.0,1083628800000.0,CGH.PH.RS.028510-2.01,151,HIDRO,26,SUL,43,Rio Grande do Sul,RS,281737.888,-53.277321539,-27.44220081099996,EPE - Projetos_Onshore - Projetos_Onshore1,onshore
175,259,Caa-Yari,J.H.M. Geração Elétrica Ltda.,Lajeado Grande,1000.0,1133395200000.0,CGH.PH.RS.029212-5.01,290,HIDRO,26,SUL,43,Rio Grande do Sul,RS,281737.888,-54.121459751,-27.4289763099999,EPE - Projetos_Onshore - Projetos_Onshore1,onshore
176,130,Linha Granja Velha,CRELUZ - Cooperativa de Geração de Energia e Desenvolvimento,Rio Fortaleza,1000.0,980035200000.0,CGH.PH.RS.028572-2.01,290,HIDRO,26,SUL,43,Rio Grande do Sul,RS,281737.888,-53.54003406399991,-27.4272457929999,EPE - Projetos_Onshore - Projetos_Onshore1,onshore
177,1144,Solar São Miguel,100% para CRELUZ - COOPERATIVA DE GERAÇÃO DE ENERGIA E DESENVOLVIMENTO (REG), ,561.33,1586822400000.0,UFV.RS.RS.046531-3.01,163,UFV,26,SUL,43,Rio Grande do Sul,RS,281737.888,-53.19353611099997,-27.365938888,EPE - Projetos_Onshore - Projetos_Onshore1,onshore
178,1163,Solar São Gabriel,100% para CRELUZ - COOPERATIVA DE GERAÇÃO DE ENERGIA E DESENVOLVIMENTO (REG), ,378.84,1576108800000.0,UFV.RS.RS.046740-5.01,110,UFV,26,SUL,43,Rio Grande do Sul,RS,281737.888,-53.19698599999995,-27.35745599999996,EPE - Projetos_Onshore - Projetos_Onshore1,onshore
179,42,Cascata das Andorinhas,CRERAL - Cooperativa de Geração de Energia e Desenvolvimento,Lajeado do Tigre,1000.0,1067040000000.0,CGH.PH.RS.028240-5.01,290,HIDRO,26,SUL,43,Rio Grande do Sul,RS,281737.888,-52.7709117159999,-27.35723407199998,EPE - Projetos_Onshore - Projetos_Onshore1,onshore
180,1164,Solar São Rafael,100% para CRELUZ - COOPERATIVA DE GERAÇÃO DE ENERGIA E DESENVOLVIMENTO (REG), ,718.41,1582848000000.0,UFV.RS.RS.046921-1.01,208,UFV,26,SUL,43,Rio Grande do Sul,RS,281737.888,-53.18893099999997,-27.35643599999994,EPE - Projetos_Onshore - Projetos_Onshore1,onshore
181,1684,Monjolinho (Antiga Alzir dos Santos Antunes),Monel Monjolinho Energética S.A.,Rio Passo Fundo,74000.0,1251763200000.0,UHE.PH.RS.028562-5.01,21449,HIDRO,26,SUL,43,Rio Grande do Sul,RS,281737.888,-52.73162916699994,-27.34603944399992,EPE - Projetos_Onshore - Projetos_Onshore1,onshore
182,34,Camboatá,Centrais Candeeiro de Energia S.A.,Rio Leão,2000.0,1373068800000.0,CGH.PH.SC.030172-8.02,580,HIDRO,21,SUL,42,Santa Catarina,SC,95737.954,-51.35692672099996,-27.33061102899995,EPE - Projetos_Onshore - Projetos_Onshore1,onshore
183,283,São Sebastião,COTESA Geradora de Energia - PCH São Sebastião Ltda.,Rio Alto Braço,3700.8,1349308800000.0,CGH.PH.SC.029712-7.02,1073,HIDRO,21,SUL,42,Santa Catarina,SC,95737.954,-49.04333333299996,-27.31888888899994,EPE - Projetos_Onshore - Projetos_Onshore1,onshore
184,78,Spessatto,Leão Branco Geração de Energia Ltda.,Rio do Leão,2700.0,1447459200000.0,CGH.PH.SC.029771-2.02,783,HIDRO,21,SUL,42,Santa Catarina,SC,95737.954,-51.477552153,-27.3176978189999,EPE - Projetos_Onshore - Projetos_Onshore1,onshore
185,197,Aguti,COTESA Geradora de Energia – PCH Aguti Ltda.,Rio Alto Braço,3900.6,1321660800000.0,CGH.PH.SC.029711-9.02,1131,HIDRO,21,SUL,42,Santa Catarina,SC,95737.954,-49.08454708699993,-27.31636229299997,EPE - Projetos_Onshore - Projetos_Onshore1,onshore
186,204,Rancho Grande Ger,Rancho Grande Geração de Energia Ltda.,Riacho Grande,1010.5,1519862400000.0,CGH.PH.SC.044841-9.01,293,HIDRO,21,SUL,42,Santa Catarina,SC,95737.954,-51.90361111099995,-27.30361111099991,EPE - Projetos_Onshore - Projetos_Onshore1,onshore
187,168,Bertoldo Jacobsen,Kraftwerk Geração Elétrica Ltda.,Rio Itajaí-Mirim,1000.0,1485907200000.0,CGH.PH.SC.037406-7.01,290,HIDRO,21,SUL,42,Santa Catarina,SC,95737.954,-49.37553176099991,-27.28188495799996,EPE - Projetos_Onshore - Projetos_Onshore1,onshore
188,1610,Itá,Itá Energética S/A,Rio Uruguai,1450000.0,961027200000.0,UHE.PH.RS.001152-5.01,0,HIDRO,21,SUL,42,Santa Catarina,SC,95737.954,-52.382161111,-27.27671111099997,EPE - Projetos_Onshore - Projetos_Onshore1,onshore
189,70,Pinhal,Brasil Sul Geração de Energia Ltda.,Lajeado Pinhal,702.0,1486598400000.0,CGH.PH.SC.037420-2.01,203,HIDRO,21,SUL,42,Santa Catarina,SC,95737.954,-51.93238382399993,-27.273274208,EPE - Projetos_Onshore - Projetos_Onshore1,onshore
190,156,Uvaiá,Energética Uvaiá Ltda.,Rio do Engano,2800.0,1511308800000.0,CGH.PH.SC.035739-1.01,812,HIDRO,21,SUL,42,Santa Catarina,SC,95737.954,-52.352650866,-27.25939105899998,EPE - Projetos_Onshore - Projetos_Onshore1,onshore
191,16,Apolo,Rover Energia Ltda.,Rio das Marombas,1000.0,1487203200000.0,CGH.PH.SC.035531-3.01,290,HIDRO,21,SUL,42,Santa Catarina,SC,95737.954,-50.41470689499994,-27.24695236799993,EPE - Projetos_Onshore - Projetos_Onshore1,onshore
192,245,Bossardi,Marombas Geração de Energia Ltda.,Rio das Marombas,1000.0,1280620800000.0,CGH.PH.SC.028082-8.01,290,HIDRO,21,SUL,42,Santa Catarina,SC,95737.954,-50.54146388899998,-27.20901111099992,EPE - Projetos_Onshore - Projetos_Onshore1,onshore
193,4,Mario Fett,Specht Produtos Alimentícios Ltda.,Rio do Peixe,1710.0,-725846400000.0,CGH.PH.SC.002354-0.01,496,HIDRO,21,SUL,42,Santa Catarina,SC,95737.954,-51.51117223999996,-27.20743718899999,EPE - Projetos_Onshore - Projetos_Onshore1,onshore
194,152,Marombas II,Hidrelétrica Marombas I SPE Ltda.,Rio das Marombas,1800.0,1572566400000.0,CGH.PH.SC.038154-3.01,522,HIDRO,21,SUL,42,Santa Catarina,SC,95737.954,-50.63444444399991,-27.2044444439999,EPE - Projetos_Onshore - Projetos_Onshore1,onshore
195,63,Barra Carneiro,Timbó Energia Ltda.,Lajeado Água Branca,1500.0,1481846400000.0,CGH.PH.SC.037315-0.01,435,HIDRO,21,SUL,42,Santa Catarina,SC,95737.954,-52.73386169799991,-27.20089597999993,EPE - Projetos_Onshore - Projetos_Onshore1,onshore
196,237,Marombas I,Hidrelétrica Marombas I SPE Ltda.,Rio das Marombas,3358.0,1572566400000.0,CGH.PH.SC.038153-5.01,973,HIDRO,21,SUL,42,Santa Catarina,SC,95737.954,-50.63283055599996,-27.19581111099994,EPE - Projetos_Onshore - Projetos_Onshore1,onshore
197,109,Rondinha Chalana,Ipê Energia Ltda.,Rio Chalana,1800.0,1436400000000.0,CGH.PH.SC.034056-1.01,522,HIDRO,21,SUL,42,Santa Catarina,SC,95737.954,-52.7549999999999,-27.19138888899997,EPE - Projetos_Onshore - Projetos_Onshore1,onshore
198,39,Bom Retiro Chapeco,Bom Retiro Geração de Energia Ltda,Rio Chalana,3000.0,1534118400000.0,CGH.PH.SC.040776-3.01,870,HIDRO,21,SUL,42,Santa Catarina,SC,95737.954,-52.74970437599997,-27.17890078599992,EPE - Projetos_Onshore - Projetos_Onshore1,onshore
199,170,Parisotto,São Valentim Geração de Energia S.A.,Lajeado do Tigre,720.0,1346716800000.0,CGH.PH.SC.030998-2.01,209,HIDRO,21,SUL,42,Santa Catarina,SC,95737.954,-52.77024346599994,-27.1579274339999,EPE - Projetos_Onshore - Projetos_Onshore1,onshore
200,186,Macuco,São Valentim Geração de Energia S.A.,Lajeado do Tigre,720.0,1305072000000.0,CGH.PH.SC.030598-7.01,209,HIDRO,21,SUL,42,Santa Catarina,SC,95737.954,-52.77769811399999,-27.14904696199992,EPE - Projetos_Onshore - Projetos_Onshore1,onshore
201,19,Rio das Pedras,Marombas Indústria e Comércio de Madeiras e Papelão Ltda.,Rio das Marombas,1000.0,1280620800000.0,CGH.PH.SC.029099-8.01,290,HIDRO,21,SUL,42,Santa Catarina,SC,95737.954,-50.54598974599999,-27.14039971499996,EPE - Projetos_Onshore - Projetos_Onshore1,onshore
202,52,Casagrande SA,CGH Casagrande Energética S.A.,Rio das Pedras,999.0,1421280000000.0,CGH.PH.SC.033998-9.01,290,HIDRO,21,SUL,42,Santa Catarina,SC,95737.954,-50.46996433699996,-27.14019095,EPE - Projetos_Onshore - Projetos_Onshore1,onshore
203,1603,Foz do Chapecó,Foz do Chapecó Energia S/A,Rio Uruguai,855000.0,1287014400000.0,UHE.PH.RS.028354-1.01,0,HIDRO,21,SUL,42,Santa Catarina,SC,95737.954,-53.04418104199995,-27.13911580799996,EPE - Projetos_Onshore - Projetos_Onshore1,onshore
204,187,Índio Condá,Chapecó Geração de Energia Ltda.,Rio Chalana,2900.0,1444176000000.0,CGH.PH.SC.029590-6.01,841,HIDRO,21,SUL,42,Santa Catarina,SC,95737.954,-52.70115277599993,-27.13873362899995,EPE - Projetos_Onshore - Projetos_Onshore1,onshore
205,1574,Salto Pilão,"CBA - Companhia Brasileira de Alumínio, Companhia Geração de Energia Pilão, DME Energética S.A.",Rio Itajaí-Açu,191890.0,1260489600000.0,UHE.PH.SC.028564-1.01,55620,HIDRO,21,SUL,42,Santa Catarina,SC,95737.954,-49.51826390399995,-27.13589074799992,EPE - Projetos_Onshore - Projetos_Onshore1,onshore
206,59,Lambedor,Chalana Energética Ltda.,Rio Lambedor,1000.8,1315526400000.0,CGH.PH.SC.030151-5.01,290,HIDRO,21,SUL,42,Santa Catarina,SC,95737.954,-52.84582855099995,-27.13467097999998,EPE - Projetos_Onshore - Projetos_Onshore1,onshore
207,289,Rio Tigre,Centrais Elétricas Rio Tigre S.A.,Arroio do Tigre,5000.0,1605830400000.0,CGH.PH.SC.002514-3.01,1449,HIDRO,21,SUL,42,Santa Catarina,SC,95737.954,-52.76629122999996,-27.12360174199991,EPE - Projetos_Onshore - Projetos_Onshore1,onshore
208,28,Laje de Pedra,Laje de Pedra Geração de Energia Ltda.,Jacutinga,3000.0,1555718400000.0,CGH.PH.SC.040849-2.01,870,HIDRO,21,SUL,42,Santa Catarina,SC,95737.954,-51.99138888899999,-27.12111111099998,EPE - Projetos_Onshore - Projetos_Onshore1,onshore
209,0,Santo Tessaro,C2LG Geração de Energia Ltda.,Rio Bonito,1000.0,1396310400000.0,CGH.PH.SC.031429-3.01,290,HIDRO,21,SUL,42,Santa Catarina,SC,95737.954,-51.20111770699999,-27.10728907199996,EPE - Projetos_Onshore - Projetos_Onshore1,onshore
210,191,Rafael Arabutã,Cinética Energia Ltda.,Rio Engano,1200.0,1565913600000.0,CGH.PH.SC.045158-4.01,348,HIDRO,21,SUL,42,Santa Catarina,SC,95737.954,-52.17166111099998,-27.10572777799992,EPE - Projetos_Onshore - Projetos_Onshore1,onshore
211,76,Dona Amélia,Central Geradora Hidrelétrica Dona Amélia Ltda. EPP,Rio do Peixe,160.0,-714441600000.0,CGH.PH.SC.029100-5.01,46,HIDRO,21,SUL,42,Santa Catarina,SC,95737.954,-51.2493576099999,-27.10421439199993,EPE - Projetos_Onshore - Projetos_Onshore1,onshore
212,131,Bruno Heidrich,Heidrich Indústria Mercantil e Agrícola S.A.,Ribeirão da Vargem,1085.4,443404800000.0,CGH.PH.SC.029356-3.01,315,HIDRO,21,SUL,42,Santa Catarina,SC,95737.954,-50.1299999999999,-27.09861111099995,EPE - Projetos_Onshore - Projetos_Onshore1,onshore
213,87,R & F Energia,R & F Energia Ltda.,Rio dos Patos,2836.0,1470009600000.0,CGH.PH.SC.030643-6.01,822,HIDRO,21,SUL,42,Santa Catarina,SC,95737.954,-50.72278567399994,-27.09258739499999,EPE - Projetos_Onshore - Projetos_Onshore1,onshore
214,215,Brancher,Veracruz Geração de Energia Ltda.,Rio Jacutinga,700.0,126230400000.0,CGH.PH.SC.031513-3.01,203,HIDRO,21,SUL,42,Santa Catarina,SC,95737.954,-51.81834794899995,-27.0850732719999,EPE - Projetos_Onshore - Projetos_Onshore1,onshore
215,255,Horst Purnhagen,INDUMA S.A. Indústria de Papel e Papelão,Ribeirão Pequeno,1000.0,1418342400000.0,CGH.PH.SC.032085-4.01,290,HIDRO,21,SUL,42,Santa Catarina,SC,95737.954,-49.98780353999994,-27.06472440799995,EPE - Projetos_Onshore - Projetos_Onshore1,onshore
216,1160,Mogano Energia,100% para MOGANO ENERGIA LTDA (REG), ,1000.0,1638230400000.0,UFV.RS.SC.045493-1.01,290,UFV,21,SUL,42,Santa Catarina,SC,95737.954,-52.78458599999995,-27.05819399999999,EPE - Projetos_Onshore - Projetos_Onshore1,onshore
217,67,Força e Luz São Pedro,CPEL Indústria de Papel Ltda.,Rio do Peixe,828.0,1222041600000.0,CGH.PH.SC.029876-0.01,240,HIDRO,21,SUL,42,Santa Catarina,SC,95737.954,-51.23305368199997,-27.04924997499999,EPE - Projetos_Onshore - Projetos_Onshore1,onshore
218,1485,Granja São Roque,Master Agropecuária Ltda., ,424.0,1255564800000.0,UTE.RA.SC.030848-0.01,123,BIOMASSA,21,SUL,42,Santa Catarina,SC,95737.954,-51.09222273700002,-27.04361087699996,EPE - Projetos_Onshore - Projetos_Onshore1,onshore
219,10,Rio das Pacas,Heidrich Geração Elétrica Ltda.,Rio Rauen,136.0,1407196800000.0,CGH.PH.SC.031735-7.01,39,HIDRO,21,SUL,42,Santa Catarina,SC,95737.954,-50.17248720199998,-27.02905052999996,EPE - Projetos_Onshore - Projetos_Onshore1,onshore
220,1,Curt Lindner,Heidrich Geração Elétrica Ltda.,Rio Rauen,2283.0,1251936000000.0,CGH.PH.SC.029781-0.02,662,HIDRO,21,SUL,42,Santa Catarina,SC,95737.954,-50.18227756899993,-27.02483291699996,EPE - Projetos_Onshore - Projetos_Onshore1,onshore
221,229,Das Pedras - Videira,Central Geradora Hidrelétrica das Pedras S.A.,Rio das Pedras,999.9,1398902400000.0,CGH.PH.SC.032084-6.01,290,HIDRO,21,SUL,42,Santa Catarina,SC,95737.954,-51.08056241999998,-27.00805281799997,EPE - Projetos_Onshore - Projetos_Onshore1,onshore
222,209,Helena Kuhlemann,Fibra Geração Ltda.,Rio Krauel,2050.0,1425600000000.0,CGH.PH.SC.030387-9.02,594,HIDRO,21,SUL,42,Santa Catarina,SC,95737.954,-49.67513080299996,-26.99826638899999,EPE - Projetos_Onshore - Projetos_Onshore1,onshore
223,288,Barrinha Geração de Energia,Barrinha Geração de Energia,Rio Xanxerê,486.0,1550448000000.0,CGH.PH.SC.047223-9.01,141,HIDRO,21,SUL,42,Santa Catarina,SC,95737.954,-52.45222222199992,-26.99333333299995,EPE - Projetos_Onshore - Projetos_Onshore1,onshore
224,82,Hacker,Hacker Industrial Ltda.,Rio Xanxerê,1800.0,1428019200000.0,CGH.PH.SC.029172-2.02,522,HIDRO,21,SUL,42,Santa Catarina,SC,95737.954,-52.45213793199996,-26.98857390599996,EPE - Projetos_Onshore - Projetos_Onshore1,onshore
225,69,Karl Kuhlemann,Hydro Kuhlemann Geração Ltda.,Rio Krauel,2016.0,1388102400000.0,CGH.PH.SC.030394-1.02,584,HIDRO,21,SUL,42,Santa Catarina,SC,95737.954,-49.68182028799994,-26.98761069299994,EPE - Projetos_Onshore - Projetos_Onshore1,onshore
226,1494,Itajaí Biogás,Itajaí Biogás e Energia S.A., ,1065.0,1359676800000.0,UTE.RU.SC.031321-1.01,309,BIOMASSA,21,SUL,42,Santa Catarina,SC,95737.954,-48.71109011399996,-26.98295410499994,EPE - Projetos_Onshore - Projetos_Onshore1,onshore
227,141,Estreito,Central Geradora Hidrelétrica Estreito Ltda.,Rio Quinze de Novembro,2160.0,1508716800000.0,CGH.PH.SC.035075-3.01,626,HIDRO,21,SUL,42,Santa Catarina,SC,95737.954,-51.1770905509999,-26.97740896099997,EPE - Projetos_Onshore - Projetos_Onshore1,onshore
228,1493,Itajaí,ItajaÍ Biogás e Energia S.A., ,2264.0,1613952000000.0,UTE.RU.SC.050640-0.01,656,BIOMASSA,21,SUL,42,Santa Catarina,SC,95737.954,-48.70361110999994,-26.97722222199997,EPE - Projetos_Onshore - Projetos_Onshore1,onshore
229,135,Lontras,Moinho Xanxerê Indústria e Comércio Ltda.,Rio Xanxerê,810.0,1370044800000.0,CGH.PH.SC.029303-2.01,235,HIDRO,21,SUL,42,Santa Catarina,SC,95737.954,-52.45965515999995,-26.96583872699992,EPE - Projetos_Onshore - Projetos_Onshore1,onshore
230,192,Rio do Peixe,Celesc Geração S.A.,Rio do Peixe,520.0,-410227200000.0,CGH.PH.SC.029368-7.01,151,HIDRO,21,SUL,42,Santa Catarina,SC,95737.954,-51.15626301299996,-26.96025444199991,EPE - Projetos_Onshore - Projetos_Onshore1,onshore
231,190,Frascal,Frascal Geração de Energias Renováveis Ltda.,Rio Correntes,2200.0,1428278400000.0,CGH.PH.SC.031041-7.01,638,HIDRO,21,SUL,42,Santa Catarina,SC,95737.954,-50.48968838799992,-26.95708845099996,EPE - Projetos_Onshore - Projetos_Onshore1,onshore
232,179,G & D,G & D Geração de Energia Elétrica Ltda.,Rio do Campo,1000.0,1401580800000.0,CGH.PH.SC.031623-7.01,290,HIDRO,21,SUL,42,Santa Catarina,SC,95737.954,-50.14302364099994,-26.95304820099998,EPE - Projetos_Onshore - Projetos_Onshore1,onshore
233,193,Caju,Caju Energia Ltda.,Rio Xanxerê,3200.0,1103500800000.0,CGH.PH.SC.029217-6.02,928,HIDRO,21,SUL,42,Santa Catarina,SC,95737.954,-52.45506608799994,-26.95223664899989,EPE - Projetos_Onshore - Projetos_Onshore1,onshore
234,251,Rudolf Lindner,Lindner Geração de Energia Elétrica Ltda.,Rio dos Patos,835.0,1412121600000.0,CGH.PH.SC.032070-6.01,242,HIDRO,21,SUL,42,Santa Catarina,SC,95737.954,-50.73937741899989,-26.913721397,EPE - Projetos_Onshore - Projetos_Onshore1,onshore
235,1576,Salto (Salto Weissbach),Celesc Geração S.A.,Rio Itajaí-Açu,6280.0,-2209161600000.0,UHE.PH.SC.002682-4.01,1820,HIDRO,21,SUL,42,Santa Catarina,SC,95737.954,-49.10861111099997,-26.87972222099993,EPE - Projetos_Onshore - Projetos_Onshore1,onshore
236,157,Arroio Trinta,CGH Arroio Trinta Energética Ltda,Rio São Pedro,1000.0,1375315200000.0,CGH.PH.SC.031216-9.01,290,HIDRO,21,SUL,42,Santa Catarina,SC,95737.954,-51.28023049699994,-26.87799566999998,EPE - Projetos_Onshore - Projetos_Onshore1,onshore
237,178,Rio Mato,Usina Rio do Mato Ltda.,Rio do Mato,1200.0,1403740800000.0,CGH.PH.SC.029945-6.01,348,HIDRO,21,SUL,42,Santa Catarina,SC,95737.954,-51.95091547299999,-26.79962176299998,EPE - Projetos_Onshore - Projetos_Onshore1,onshore
238,274,Bandeirante,Companhia Energética Bandeirante S.A.,Rio das Flores,3000.0,1345075200000.0,CGH.PH.SC.030092-6.02,870,HIDRO,21,SUL,42,Santa Catarina,SC,95737.954,-53.66666666699997,-26.79944444399996,EPE - Projetos_Onshore - Projetos_Onshore1,onshore
239,188,Liberdade,Liberdade Geração de Energia Ltda.,Ribeirão Liberdade,1041.3,1502755200000.0,CGH.PH.SC.038207-8.01,302,HIDRO,21,SUL,42,Santa Catarina,SC,95737.954,-49.42710963199996,-26.78593942299997,EPE - Projetos_Onshore - Projetos_Onshore1,onshore
240,228,Alto Benedito Novo,Cooperativa Geradora de Energia Elétrica e Desenvolvimento Santa Maria,Rio Benedito,2192.0,662947200000.0,CGH.PH.SC.000068-0.02,635,HIDRO,21,SUL,42,Santa Catarina,SC,95737.954,-49.39666914699991,-26.78082974699996,EPE - Projetos_Onshore - Projetos_Onshore1,onshore
241,56,Burro Branco I,Serra Brasil Usina Elétrica Ltda.,Rio Burro Branco,909.0,1448928000000.0,CGH.PH.SC.035415-5.01,263,HIDRO,21,SUL,42,Santa Catarina,SC,95737.954,-52.97861792899995,-26.73944161199996,EPE - Projetos_Onshore - Projetos_Onshore1,onshore
242,73,Paraíso,Hidrelétrica Paraíso SPE Ltda.,Rio das Flores,1000.0,1584748800000.0,CGH.PH.SC.035743-0.01,290,HIDRO,21,SUL,42,Santa Catarina,SC,95737.954,-53.65257063699993,-26.72888726899994,EPE - Projetos_Onshore - Projetos_Onshore1,onshore
243,3,Aparecida,Companhia Energética Aparecida,Rio Pesqueiro,3060.0,1494460800000.0,CGH.PH.SC.035736-7.01,887,HIDRO,21,SUL,42,Santa Catarina,SC,95737.954,-52.89198720499996,-26.70586738799997,EPE - Projetos_Onshore - Projetos_Onshore1,onshore
244,1701,Quebra Queixo,Companhia Energética Chapecó,Rio Chapecó,120000.0,1072828800000.0,UHE.PH.SC.002167-9.01,34783,HIDRO,21,SUL,42,Santa Catarina,SC,95737.954,-52.54486182199997,-26.65774514599993,EPE - Projetos_Onshore - Projetos_Onshore1,onshore
245,198,Rio Itaiozinho,Hidrelétrica Sens Ltda.,Rio Itaiozinho,1180.0,1134172800000.0,CGH.PH.SC.029756-9.01,342,HIDRO,21,SUL,42,Santa Catarina,SC,95737.954,-49.88180463399996,-26.6548936899999,EPE - Projetos_Onshore - Projetos_Onshore1,onshore
246,1527,Palmeiras,Celesc Geração S.A.,Rio dos Cedros,24602.0,-220924800000.0,UHE.PH.SC.001945-3.01,7131,HIDRO,21,SUL,42,Santa Catarina,SC,95737.954,-49.33853805999996,-26.64886835599999,EPE - Projetos_Onshore - Projetos_Onshore1,onshore
247,1523,Cedros (Rio dos Cedros),Celesc Geração S.A.,Rio dos Cedros,8400.0,-662688000000.0,UHE.PH.SC.000737-4.02,2435,HIDRO,21,SUL,42,Santa Catarina,SC,95737.954,-49.35694444499995,-26.64499999899993,EPE - Projetos_Onshore - Projetos_Onshore1,onshore
248,18,Heidrich,Central de Geração Hidrelétrica São Roque II SPE Ltda.,Rio Jangada,990.0,1222128000000.0,CGH.PH.SC.028681-8.01,287,HIDRO,20,SUL,41,Paraná,PR,199307.939,-51.23564444399992,-26.61929722199992,EPE - Projetos_Onshore - Projetos_Onshore1,onshore
249,442,Amparo,Amparo Energia Eólica S.A., ,22500.0,1324684800000.0,EOL.CV.SC.029069-6.01,6522,EOL,21,SUL,42,Santa Catarina,SC,95737.954,-51.56459471999996,-26.61826629499998,EPE - Projetos_Onshore - Projetos_Onshore1,onshore
250,337,Campo Belo,Campo Belo Energia Eólica S.A., ,10500.0,1321315200000.0,EOL.CV.SC.029065-3.01,3043,EOL,21,SUL,42,Santa Catarina,SC,95737.954,-51.74013754599997,-26.612263867,EPE - Projetos_Onshore - Projetos_Onshore1,onshore
251,649,Horizonte,Central Nacional de Energia Eólica S.A. - CENAEEL, ,4800.0,1313884800000.0,EOL.CV.SC.028674-5.01,1391,EOL,21,SUL,42,Santa Catarina,SC,95737.954,-52.71669999999997,-26.60000000099994,EPE - Projetos_Onshore - Projetos_Onshore1,onshore
252,655,Cruz Alta,Cruz Alta Energia Eólica S.A., ,30000.0,1320796800000.0,EOL.CV.SC.029070-0.01,8696,EOL,21,SUL,42,Santa Catarina,SC,95737.954,-51.72547185599996,-26.599386651,EPE - Projetos_Onshore - Projetos_Onshore1,onshore
253,636,Cascata,Cascata Energia Eólica S.A., ,6000.0,1319673600000.0,EOL.CV.SC.029054-8.01,1739,EOL,21,SUL,42,Santa Catarina,SC,95737.954,-51.74274450199994,-26.58894030099995,EPE - Projetos_Onshore - Projetos_Onshore1,onshore
254,420,Salto,Salto Energia Eólica S.A., ,30000.0,1322784000000.0,EOL.CV.SC.029056-4.01,8696,EOL,21,SUL,42,Santa Catarina,SC,95737.954,-51.813800261,-26.5885617929999,EPE - Projetos_Onshore - Projetos_Onshore1,onshore
255,120,Pacheco,Da Luz Energia Ltda.,Rio Pacheco,1980.0,1285891200000.0,CGH.PH.SC.031005-0.02,574,HIDRO,21,SUL,42,Santa Catarina,SC,95737.954,-52.18432540899995,-26.58553250499998,EPE - Projetos_Onshore - Projetos_Onshore1,onshore
256,336,Aquibatã,Aquibatã Energia Eólica S.A., ,30000.0,1323734400000.0,EOL.CV.SC.029052-1.01,8696,EOL,21,SUL,42,Santa Catarina,SC,95737.954,-51.75316958099991,-26.58483083100001,EPE - Projetos_Onshore - Projetos_Onshore1,onshore
257,660,Água Doce,CENAEEL - Central Nacional de Energia Eólica S.A., ,9000.0,1157587200000.0,EOL.CV.SC.028793-8.01,2609,EOL,21,SUL,42,Santa Catarina,SC,95737.954,-51.68758706599991,-26.58391938599992,EPE - Projetos_Onshore - Projetos_Onshore1,onshore
258,262,São Domingos,São Domingos Geração de Energias Renováveis Ltda.,Rio Chapecó,1000.0,1470009600000.0,CGH.PH.SC.037229-3.01,290,HIDRO,21,SUL,42,Santa Catarina,SC,95737.954,-52.49611792799993,-26.58051181199997,EPE - Projetos_Onshore - Projetos_Onshore1,onshore
259,698,de Palmas,Copel Geração e Transmissão S.A, ,2500.0,917827200000.0,EOL.CV.PR.027908-0.01,725,EOL,20,SUL,41,Paraná,PR,199307.939,-51.70037986399996,-26.57812699299991,EPE - Projetos_Onshore - Projetos_Onshore1,onshore
260,225,Enercol,Energética Oeste Ltda.,Lajeado São Domingos,2000.0,1521504000000.0,CGH.PH.SC.029229-0.01,580,HIDRO,21,SUL,42,Santa Catarina,SC,95737.954,-52.42664281099999,-26.57113063299995,EPE - Projetos_Onshore - Projetos_Onshore1,onshore
261,220,Ernesto Lavratti Neto,Hidroelétrica Ernesto Lavratti Netto SPE Ltda.,Rio Chapecó,1000.0,1433116800000.0,CGH.PH.SC.029800-0.01,290,HIDRO,21,SUL,42,Santa Catarina,SC,95737.954,-52.32672492300001,-26.55314445699999,EPE - Projetos_Onshore - Projetos_Onshore1,onshore
262,48,Salto do Timbó,Brasenerg - Geradora de Energia Elétrica Ltda.,Rio Timbó,965.0,-2209161600000.0,CGH.PH.SC.028646-0.01,280,HIDRO,21,SUL,42,Santa Catarina,SC,95737.954,-50.75613897099995,-26.54542556799993,EPE - Projetos_Onshore - Projetos_Onshore1,onshore
263,139,Detofol,Hidrelétrica Detofol Ltda.,Lajeado Grande,510.0,1248134400000.0,CGH.PH.SC.029605-8.01,148,HIDRO,21,SUL,42,Santa Catarina,SC,95737.954,-53.39911776099992,-26.46563166599994,EPE - Projetos_Onshore - Projetos_Onshore1,onshore
264,57,Rio Bonito,Rio Bonito Energia Ltda.,Rio Bonito,1530.0,1355184000000.0,CGH.PH.SC.030132-9.02,443,HIDRO,21,SUL,42,Santa Catarina,SC,95737.954,-50.88351387899996,-26.45610298199997,EPE - Projetos_Onshore - Projetos_Onshore1,onshore
265,125,Wasser Kraft,Wasser Kraft Geração de Energia Elétrica Ltda,Rio Tracutinga,1400.0,1230768000000.0,CGH.PH.SC.029589-2.01,406,HIDRO,21,SUL,42,Santa Catarina,SC,95737.954,-53.40711078799993,-26.44714262999995,EPE - Projetos_Onshore - Projetos_Onshore1,onshore
266,159,Baitaca,Rio Bonito Energia Ltda.,Rio Bonito,2700.0,1355184000000.0,CGH.PH.SC.030153-1.02,783,HIDRO,21,SUL,42,Santa Catarina,SC,95737.954,-50.83456977699996,-26.44072901699997,EPE - Projetos_Onshore - Projetos_Onshore1,onshore
267,8,Maria Preta,Wasser Kraft Geração de Energia Elétrica Ltda.,Rio Maria Preta,550.0,1262304000000.0,CGH.PH.SC.029988-0.01,159,HIDRO,21,SUL,42,Santa Catarina,SC,95737.954,-53.58742153199991,-26.42014635299995,EPE - Projetos_Onshore - Projetos_Onshore1,onshore
268,85,Santo Antônio,Santo Antonio Geração de Energia Ltda.,Rio da Bruaca,1008.0,1533081600000.0,CGH.PH.SC.040764-0.01,292,HIDRO,21,SUL,42,Santa Catarina,SC,95737.954,-49.33509225499996,-26.41970829999994,EPE - Projetos_Onshore - Projetos_Onshore1,onshore
269,256,Salto Pintado,Faerber Geração Ltda.,Rio Pintado,999.5,516067200000.0,CGH.PH.SC.002665-4.01,290,HIDRO,21,SUL,42,Santa Catarina,SC,95737.954,-51.05781620299992,-26.34804515499999,EPE - Projetos_Onshore - Projetos_Onshore1,onshore
270,84,Itapocuzinho II,DELMAX - Papelão e Embalagens Ltda.,Rio Itapocuzinho,1650.0,1447286400000.0,CGH.PH.SC.035335-3.01,478,HIDRO,21,SUL,42,Santa Catarina,SC,95737.954,-49.13014570499998,-26.34690973399992,EPE - Projetos_Onshore - Projetos_Onshore1,onshore
271,60,Itapocuzinho,DELMAX - Papelão e Embalagens Ltda.,Rio Itapocuzinho,480.0,983836800000.0,CGH.PH.SC.028727-0.01,139,HIDRO,21,SUL,42,Santa Catarina,SC,95737.954,-49.13068313499995,-26.34379225399991,EPE - Projetos_Onshore - Projetos_Onshore1,onshore
272,1608,Bracinho,Celesc Geração S.A.,Rio Bracinho,15000.0,-1230768000000.0,UHE.PH.SC.000302-6.01,4348,HIDRO,21,SUL,42,Santa Catarina,SC,95737.954,-49.09536556499995,-26.33001438599999,EPE - Projetos_Onshore - Projetos_Onshore1,onshore
273,233,Rio Vermelho,URVE - Usina Rio Vermelho de Energia Ltda.,Rio Vermelho,2400.0,1216080000000.0,CGH.PH.SC.029729-1.02,696,HIDRO,21,SUL,42,Santa Catarina,SC,95737.954,-49.32075541899998,-26.31708105699995,EPE - Projetos_Onshore - Projetos_Onshore1,onshore
274,142,Rio Vermelho URVE,URVE - Usina Rio Vermelho de Energia Ltda.,Rio Vermelho,440.0,1385856000000.0,CGH.PH.SC.031376-9.01,128,HIDRO,21,SUL,42,Santa Catarina,SC,95737.954,-49.31919005799996,-26.30704121699997,EPE - Projetos_Onshore - Projetos_Onshore1,onshore
275,115,Piraí,Celesc Geração S.A.,Rio Piraí,1104.0,-1956614400000.0,CGH.PH.SC.002076-1.02,320,HIDRO,21,SUL,42,Santa Catarina,SC,95737.954,-49.02267539900002,-26.29929907599993,EPE - Projetos_Onshore - Projetos_Onshore1,onshore
276,1146,Móveis Paulo,100% para MOVEIS PAULO LTDA (REG), ,558.0,1582502400000.0,UFV.RS.SC.046484-8.01,162,UFV,21,SUL,42,Santa Catarina,SC,95737.954,-49.36766419399998,-26.28204499899989,EPE - Projetos_Onshore - Projetos_Onshore1,onshore
277,184,Salto Claudelino,Massa Falida de Olvepar S.A. Indústria e Comércio,Rio Chopim,2800.0,467942400000.0,CGH.PH.PR.002592-5.02,812,HIDRO,20,SUL,41,Paraná,PR,199307.939,-52.29722222199992,-26.280833333,EPE - Projetos_Onshore - Projetos_Onshore1,onshore
278,1506,Energia Madeiras,Energia Madeiras – Industrial e Comercial Ltda., ,4000.0,1228348800000.0,UTE.FL.SC.028140-9.01,1159,BIOMASSA,21,SUL,42,Santa Catarina,SC,95737.954,-50.36919526999998,-26.18917382699995,EPE - Projetos_Onshore - Projetos_Onshore1,onshore
279,119,São Lourenço,Celesc Geração S.A.,Rio São Lourenço,420.0,-1893456000000.0,CGH.PH.SC.027186-1.01,122,HIDRO,21,SUL,42,Santa Catarina,SC,95737.954,-49.89034939799996,-26.16467912599999,EPE - Projetos_Onshore - Projetos_Onshore1,onshore
280,107,São Pedro I,Usina São Pedro Ltda.,Rio Vitorino,138.0,-189388800000.0,CGH.PH.PR.031470-6.01,40,HIDRO,20,SUL,41,Paraná,PR,199307.939,-52.82860555599999,-26.07508055599993,EPE - Projetos_Onshore - Projetos_Onshore1,onshore
281,13,Salto do Vau,Copel Geração e Transmissão S.A.,Rio Palmital,940.0,-347155200000.0,CGH.PH.PR.002642-5.01,272,HIDRO,20,SUL,41,Paraná,PR,199307.939,-51.18966673199996,-26.03465169599998,EPE - Projetos_Onshore - Projetos_Onshore1,onshore
282,1588,Governador Bento Munhoz da Rocha Neto (Foz do Areia),Copel Geração e Transmissão S.A.,Rio Iguaçu,1676000.0,339206400000.0,UHE.PH.PR.000984-9.01,0,HIDRO,20,SUL,41,Paraná,PR,199307.939,-51.66597302699991,-26.00977230799997,EPE - Projetos_Onshore - Projetos_Onshore1,onshore
283,43,Chopim I,Copel Geração e Transmissão S.A.,Rio Chopim,1980.0,-208224000000.0,CGH.PH.PR.000771-4.02,574,HIDRO,20,SUL,41,Paraná,PR,199307.939,-52.74735100399994,-25.98557577099999,EPE - Projetos_Onshore - Projetos_Onshore1,onshore
284,1698,Governador Ney Aminthas de Barros Braga (Segredo),Copel Geração e Transmissão S.A.,Rio Iguaçu,1260000.0,717724800000.0,UHE.PH.PR.002715-4.01,0,HIDRO,20,SUL,41,Paraná,PR,199307.939,-52.11231046200002,-25.79045353699992,EPE - Projetos_Onshore - Projetos_Onshore1,onshore
285,118,Barra,Rio Jordão Papeis S.A.,Rio Jordão,4600.0,-347155200000.0,CGH.PH.PR.027174-8.01,1333,HIDRO,20,SUL,41,Paraná,PR,199307.939,-52.08688955999997,-25.75759688199997,EPE - Projetos_Onshore - Projetos_Onshore1,onshore
286,112,Reinhofer,Reinhofer Energia Ltda.,Rio Capão Grande,396.0,1291161600000.0,CGH.PH.PR.030069-1.01,115,HIDRO,20,SUL,41,Paraná,PR,199307.939,-51.96111111099999,-25.74499999999998,EPE - Projetos_Onshore - Projetos_Onshore1,onshore
287,1516,Guaricana,Copel Geração e Transmissão S.A.,Rio Arraial,36000.0,-410227200000.0,UHE.PH.PR.001075-8.01,10435,HIDRO,20,SUL,41,Paraná,PR,199307.939,-48.97296714399994,-25.71494042099992,EPE - Projetos_Onshore - Projetos_Onshore1,onshore
288,1545,Fundão,Centrais Elétricas do Rio Jordão S.A.,Rio Jordão,120168.0,1151020800000.0,UHE.PH.PR.028360-6.01,34831,HIDRO,20,SUL,41,Paraná,PR,199307.939,-52.00202223199996,-25.70344813599993,EPE - Projetos_Onshore - Projetos_Onshore1,onshore
289,32,Salto São Pedro,Santa Maria Companhia Papel e Celulose,Rio Jordão,1188.0,166060800000.0,CGH.PH.PR.026885-2.01,344,HIDRO,20,SUL,41,Paraná,PR,199307.939,-51.96583333299999,-25.66277777799998,EPE - Projetos_Onshore - Projetos_Onshore1,onshore
290,1500,Curitiba Energia,Curitiba Energia SPE Ltda., ,9982.0,1452470400000.0,UTE.RU.PR.035069-9.01,2893,BIOMASSA,20,SUL,41,Paraná,PR,199307.939,-49.34416369199994,-25.66027480299991,EPE - Projetos_Onshore - Projetos_Onshore1,onshore
291,1663,Santa Clara,Centrais Elétricas do Rio Jordão S.A.,Rio Jordão,120168.0,1122768000000.0,UHE.PH.PR.028361-4.01,34831,HIDRO,20,SUL,41,Paraná,PR,199307.939,-51.95688158699998,-25.645618961,EPE - Projetos_Onshore - Projetos_Onshore1,onshore
292,280,Rio Capivara,Hidrelétrica Capivara Ltda,Rio Capivara,1000.0,1567555200000.0,CGH.PH.PR.045487-7.01,290,HIDRO,20,SUL,41,Paraná,PR,199307.939,-51.86138888899993,-25.64027777799994,EPE - Projetos_Onshore - Projetos_Onshore1,onshore
293,1644,Salto Santiago,Tractebel Energia S/A,Rio Iguaçu,1420000.0,315532800000.0,UHE.PH.PR.002672-7.01,0,HIDRO,20,SUL,41,Paraná,PR,199307.939,-52.61452548499996,-25.62876331099998,EPE - Projetos_Onshore - Projetos_Onshore1,onshore
294,45,Generoso,Energias Renováveis Mazp Ltda.,Rio Chopim,3000.0,1486512000000.0,CGH.PH.PR.037573-0.01,870,HIDRO,20,SUL,41,Paraná,PR,199307.939,-53.08118381699992,-25.61637860899995,EPE - Projetos_Onshore - Projetos_Onshore1,onshore
295,1403,Berneck,Berneck S.A. Painéis e Serrados, ,13600.0,1569888000000.0,UTE.FL.PR.029993-6.01,3942,BIOMASSA,20,SUL,41,Paraná,PR,199307.939,-49.37207556599994,-25.54332393499997,EPE - Projetos_Onshore - Projetos_Onshore1,onshore
296,1711,Governador José Richa (Salto Caxias),Copel Geração e Transmissão S.A.,Rio Iguaçu,1240000.0,919296000000.0,UHE.PH.PR.002591-7.01,0,HIDRO,20,SUL,41,Paraná,PR,199307.939,-53.49805502899996,-25.54305498299992,EPE - Projetos_Onshore - Projetos_Onshore1,onshore
297,1625,Salto Osório,Tractebel Energia S/A,Rio Iguaçu,1078000.0,157766400000.0,UHE.PH.PR.002659-0.01,0,HIDRO,20,SUL,41,Paraná,PR,199307.939,-53.00896731899993,-25.537568441,EPE - Projetos_Onshore - Projetos_Onshore1,onshore
298,1544,Salto Curucaca,Curucaca Geradora S.A.,Rio Jordão,37042.0,1472860800000.0,UHE.PH.PR.028994-9.01,10737,HIDRO,20,SUL,41,Paraná,PR,199307.939,-51.81483457899995,-25.53235661299989,EPE - Projetos_Onshore - Projetos_Onshore1,onshore
299,1573,Baixo Iguaçu,"Geração Céu Azul S.A., Copel Geração e Transmissão S.A",Rio Iguaçu,350200.0,1549584000000.0,UHE.PH.PR.030923-0.01,0,HIDRO,20,SUL,41,Paraná,PR,199307.939,-53.67166599999999,-25.50332999999994,EPE - Projetos_Onshore - Projetos_Onshore1,onshore
300,30,Parque I,Hidrelétrica Vale do Jordão Ltda,Rio Jordão,4740.0,1512345600000.0,CGH.PH.PR.038250-7.01,1374,HIDRO,20,SUL,41,Paraná,PR,199307.939,-51.45509125699991,-25.44026111099991,EPE - Projetos_Onshore - Projetos_Onshore1,onshore
301,100,Marumbi,Copel Geração e Transmissão S.A.,Rio Ipiranga,4800.0,-273715200000.0,CGH.PH.PR.001501-6.02,1391,HIDRO,20,SUL,41,Paraná,PR,199307.939,-48.921102941,-25.42420027699993,EPE - Projetos_Onshore - Projetos_Onshore1,onshore
302,1721,Itaipu (Parte Brasileira),Itaipu Binacional,Paraná,7000000.0,607392000000.0,UHE.PH.PR.001161-4.01,0,HIDRO,20,SUL,41,Paraná,PR,199307.939,-54.58741667699993,-25.4083128199999,EPE - Projetos_Onshore - Projetos_Onshore1,onshore
303,286,Enxadrista,Energética Rio das Pedras SPE Ltda.,Rio das Pedras,1000.0,-2209161600000.0,CGH.PH.PR.035731-6.01,290,HIDRO,20,SUL,41,Paraná,PR,199307.939,-51.3913785029999,-25.38811087499993,EPE - Projetos_Onshore - Projetos_Onshore1,onshore
304,1414,Ecoluz,NGE Ltda., ,12330.0,1226016000000.0,UTE.FL.PR.028246-4.01,3574,BIOMASSA,20,SUL,41,Paraná,PR,199307.939,-51.48125803399994,-25.35785918699996,EPE - Projetos_Onshore - Projetos_Onshore1,onshore
305,113,Rio das Mortes,LCP Administrações e Participações Ltda.,Rio das Mortes,627.0,1228089600000.0,CGH.PH.PR.030241-4.01,182,HIDRO,20,SUL,41,Paraná,PR,199307.939,-51.41945814300001,-25.34895933199997,EPE - Projetos_Onshore - Projetos_Onshore1,onshore
306,176,Dalba,Dalba Energética Ltda.,Rio do Poço,1000.0,1400716800000.0,CGH.PH.PR.030577-4.01,290,HIDRO,20,SUL,41,Paraná,PR,199307.939,-51.87728553499993,-25.28104800699994,EPE - Projetos_Onshore - Projetos_Onshore1,onshore
307,1615,Governador Pedro Viriato Parigot de Souza (Capivari/Cachoeira),Copel Geração e Transmissão S.A.,Rio Capivari,260000.0,52704000000.0,UHE.PH.PR.001042-1.01,75362,HIDRO,20,SUL,41,Paraná,PR,199307.939,-48.87447499099997,-25.13850723199992,EPE - Projetos_Onshore - Projetos_Onshore1,onshore
308,231,Pitangui,Copel Geração e Transmissão S.A.,Rio Pitangui,865.55,-1861920000000.0,CGH.PH.PR.002085-0.01,251,HIDRO,20,SUL,41,Paraná,PR,199307.939,-50.133312878,-25.03334370299995,EPE - Projetos_Onshore - Projetos_Onshore1,onshore
309,1496,Rickli,Madeireira Rickli Ltda., ,5000.0,1435708800000.0,UTE.FL.PR.028503-0.01,1449,BIOMASSA,20,SUL,41,Paraná,PR,199307.939,-50.10971927199998,-24.95611467999991,EPE - Projetos_Onshore - Projetos_Onshore1,onshore
310,223,Cachoeira,Januário de Nápoli Geração de Energia Ltda.,Rio Cachoeira,2336.0,470188800000.0,CGH.PH.PR.028010-0.02,677,HIDRO,20,SUL,41,Paraná,PR,199307.939,-51.42888888899996,-24.93055555599997,EPE - Projetos_Onshore - Projetos_Onshore1,onshore
311,2,Padovani,Centrais Elétricas Padovani Ltda.,Rio Central,459.0,1388534400000.0,CGH.PH.PR.031187-1.01,133,HIDRO,20,SUL,41,Paraná,PR,199307.939,-53.816651861,-24.91664882999996,EPE - Projetos_Onshore - Projetos_Onshore1,onshore
312,86,Cabeça de Pato,Cabeça de Pato Geração de Energia SPE Ltda.,Rio Bonito ou Pedrinho,1600.0,1448928000000.0,CGH.PH.PR.035484-8.01,464,HIDRO,20,SUL,41,Paraná,PR,199307.939,-51.44729919599992,-24.82287110999997,EPE - Projetos_Onshore - Projetos_Onshore1,onshore
313,1728,Santa Branca (PR), ,Tibagi,62000.0,,UHE.PH.PR.035290-0.01,17971,HIDRO,20,SUL,41,Paraná,PR,199307.939,-50.39969312699998,-24.68145041099999,EPE - Projetos_Onshore - Projetos_Onshore1,onshore
314,5,Melissa,Copel Geração e Transmissão S.A.,Rio Melissa,998.0,-123638400000.0,CGH.PH.PR.001452-4.01,289,HIDRO,20,SUL,41,Paraná,PR,199307.939,-53.2041645209999,-24.53582793599998,EPE - Projetos_Onshore - Projetos_Onshore1,onshore
315,1512,Tibagi Montante,Tibagi Energia SPE S.A.,Rio Tibagi,36000.0,1570233600000.0,UHE.PH.PR.032923-1.01,10435,HIDRO,20,SUL,41,Paraná,PR,199307.939,-50.40638875599994,-24.53416661899993,EPE - Projetos_Onshore - Projetos_Onshore1,onshore
316,105,Apiaí,Cooperativa de Energia Elétrica e Desenvolvimento - SOMAR,Rio Catas Altas,1000.0,-599616000000.0,CGH.PH.SP.000116-3.01,290,HIDRO,19,SUDESTE,35,São Paulo,SP,248219.627,-49.06499595699991,-24.48338606999994,EPE - Projetos_Onshore - Projetos_Onshore1,onshore
317,224,Nova Jaguariaíva,Paraná Geração de Energia Ltda,Rio Jaguariaíva,1218.75,801273600000.0,CGH.PH.PR.001549-0.02,353,HIDRO,20,SUL,41,Paraná,PR,199307.939,-49.695021201,-24.28165599899999,EPE - Projetos_Onshore - Projetos_Onshore1,onshore
318,49,Velha,Jaguariaíva Energia SPE Ltda.,Rio Capivari,1000.01,1427846400000.0,CGH.PH.PR.033372-7.01,290,HIDRO,20,SUL,41,Paraná,PR,199307.939,-49.70305102099994,-24.25514795799997,EPE - Projetos_Onshore - Projetos_Onshore1,onshore
319,1738,Puma II, , ,134800.0,,UTE.FL.PR.045824-4.01,39072,BIOMASSA,20,SUL,41,Paraná,PR,199307.939,-50.74346944399998,-24.24428611199992,EPE - Projetos_Onshore - Projetos_Onshore1,onshore
320,1444,Klabin Celulose,Klabin S.A., ,330000.0,1469750400000.0,UTE.FL.PR.031098-0.01,95652,BIOMASSA,20,SUL,41,Paraná,PR,199307.939,-50.74138888699997,-24.24361111499994,EPE - Projetos_Onshore - Projetos_Onshore1,onshore
321,1579,Serraria,Companhia Brasileira de Alumínio,Rio Juquiá-Guaçu,24000.0,252460800000.0,UHE.PH.SP.002740-5.01,6957,HIDRO,19,SUDESTE,35,São Paulo,SP,248219.627,-47.54805599999995,-24.15194399999996,EPE - Projetos_Onshore - Projetos_Onshore1,onshore
322,1505,Caldeira 6 Kairós,Sengés Papel e Celulose Ltda., ,3200.0,1558483200000.0,UTE.FL.PR.044809-5.01,928,BIOMASSA,20,SUL,41,Paraná,PR,199307.939,-49.46914169399996,-24.11881669400001,EPE - Projetos_Onshore - Projetos_Onshore1,onshore
323,1680,Mourão I,ENEL GREEN POWER MOURAO S.A.,Rio Mourão,8200.0,-2209161600000.0,UHE.PH.PR.001509-1.01,2377,HIDRO,20,SUL,41,Paraná,PR,199307.939,-52.32750000000001,-24.10499999999998,EPE - Projetos_Onshore - Projetos_Onshore1,onshore
324,1678,Salto do Iporanga,Companhia Brasileira de Alumínio,Rio Açungui,36870.0,599616000000.0,UHE.PH.SP.002626-3.01,10687,HIDRO,19,SUDESTE,35,São Paulo,SP,248219.627,-47.71986873299998,-24.100402526,EPE - Projetos_Onshore - Projetos_Onshore1,onshore
325,1648,Alecrim,Companhia Brasileira de Alumínio,Rio Juquiá-Guaçu,72000.0,126230400000.0,UHE.PH.SP.000047-7.01,20870,HIDRO,19,SUDESTE,35,São Paulo,SP,248219.627,-47.47732805199993,-24.08132335599993,EPE - Projetos_Onshore - Projetos_Onshore1,onshore
326,1589,Governador Jayme Canet Júnior - GJC (Antiga Mauá),"Copel Geração e Transmissão S.A., Eletrosul Centrais Elétricas S.A.",Rio Tibagi,361000.0,1353628800000.0,UHE.PH.PR.029598-1.01,0,HIDRO,20,SUL,41,Paraná,PR,199307.939,-50.70715698999992,-24.06211584100001,EPE - Projetos_Onshore - Projetos_Onshore1,onshore
327,1558,Porto Raso,Companhia Brasileira de Alumínio,Rio Juquiá-Guaçu,28400.0,378691200000.0,UHE.PH.SP.002128-8.01,8232,HIDRO,19,SUDESTE,35,São Paulo,SP,248219.627,-47.41635410199995,-24.06183612999995,EPE - Projetos_Onshore - Projetos_Onshore1,onshore
328,1658,Barra,Companhia Brasileira de Alumínio,Rio Juquiá-Guaçu,40400.0,504921600000.0,UHE.PH.SP.000207-0.01,11710,HIDRO,19,SUDESTE,35,São Paulo,SP,248219.627,-47.35577271399995,-24.02318908099991,EPE - Projetos_Onshore - Projetos_Onshore1,onshore
329,1639,Fumaça,Companhia Brasileira de Alumínio,Rio Juquiá-Guaçu,36400.0,-189388800000.0,UHE.PH.SP.001000-6.01,10551,HIDRO,19,SUDESTE,35,São Paulo,SP,248219.627,-47.26445434299997,-24.00875027800001,EPE - Projetos_Onshore - Projetos_Onshore1,onshore
330,213,São José,CPFL Centrais Geradoras Ltda.,Ribeirão Turvinho,788.4,-1104624000000.0,CGH.PH.SP.026849-6.01,229,HIDRO,19,SUDESTE,35,São Paulo,SP,248219.627,-47.93895079099998,-24.00611353199998,EPE - Projetos_Onshore - Projetos_Onshore1,onshore
331,38,Turvinho,CPFL Centrais Geradoras Ltda.,Ribeirão Turvinho,800.0,-1798848000000.0,CGH.PH.SP.002896-7.01,232,HIDRO,19,SUDESTE,35,São Paulo,SP,248219.627,-47.95710265099997,-23.99970260999996,EPE - Projetos_Onshore - Projetos_Onshore1,onshore
332,284,Ouro Branco,Central Hidrelétrica Ouro Branco Ltda.,Rio Mourão,4000.0,1559692800000.0,CGH.PH.PR.034015-4.02,1159,HIDRO,20,SUL,41,Paraná,PR,199307.939,-52.23238902499993,-23.99530500599999,EPE - Projetos_Onshore - Projetos_Onshore1,onshore
333,177,Lavrinha,CPFL Centrais Geradoras Ltda.,Rio Turvo,332.5,-883699200000.0,CGH.PH.SP.001317-0.01,96,HIDRO,19,SUDESTE,35,São Paulo,SP,248219.627,-47.93997264799998,-23.98113718999996,EPE - Projetos_Onshore - Projetos_Onshore1,onshore
334,1652,Jurupará,Companhia Brasileira de Alumínio,Rio do Peixe,7200.0,-725846400000.0,UHE.PH.SP.001286-6.01,2087,HIDRO,19,SUDESTE,35,São Paulo,SP,248219.627,-47.39023199699998,-23.96258508999998,EPE - Projetos_Onshore - Projetos_Onshore1,onshore
335,1566,França,Companhia Brasileira de Alumínio,Rio Juquiá-Guaçu,29500.0,-378691200000.0,UHE.PH.SP.000990-3.01,8551,HIDRO,19,SUDESTE,35,São Paulo,SP,248219.627,-47.19505314199994,-23.94131742699995,EPE - Projetos_Onshore - Projetos_Onshore1,onshore
336,1617,Henry Borden,Empresa Metropolitana de Águas e Energia S/A.,Rio Pedras,889000.0,-1388534400000.0,UHE.PH.SP.001084-7.01,0,HIDRO,19,SUDESTE,35,São Paulo,SP,248219.627,-46.46208826699995,-23.86191494699992,EPE - Projetos_Onshore - Projetos_Onshore1,onshore
337,1693,Usina e Fábrica de Papelão Apucaraninha,Papelão Apucaraninha Ltda.,Rio Apucaraninha,858.0,-220924800000.0,UHE.PH.PR.002935-1.01,249,HIDRO,20,SUL,41,Paraná,PR,199307.939,-51.0251004789999,-23.75040726999996,EPE - Projetos_Onshore - Projetos_Onshore1,onshore
338,1286,Santa Terezinha,Usina de Açúcar Santa Terezinha Ltda., ,50500.0,1149033600000.0,UTE.AI.PR.028149-2.01,14638,BIOMASSA,20,SUL,41,Paraná,PR,199307.939,-52.87333455399994,-23.748009666,EPE - Projetos_Onshore - Projetos_Onshore1,onshore
339,1623,Pedreira (Elevatória/Potência de bombeamento 93.500 kW),Empresa Metropolitana de Águas e Energia  S.A.,Rio Pinheiros,93500.0,-2209161600000.0,UHE.PH.SP.002024-9.01,27101,HIDRO,19,SUDESTE,35,São Paulo,SP,248219.627,-46.674493919,-23.70327308099996,EPE - Projetos_Onshore - Projetos_Onshore1,onshore
340,1236,São João Biogás,São João Energia Ambiental S/A, ,21560.0,1206576000000.0,UTE.RU.SP.028648-6.01,6249,BIOMASSA,19,SUDESTE,35,São Paulo,SP,248219.627,-46.41525655399993,-23.63489866599998,EPE - Projetos_Onshore - Projetos_Onshore1,onshore
341,1552,Itupararanga,Companhia Brasileira de Alumínio,Rio Sorocaba,55000.0,-1767225600000.0,UHE.PH.SP.001196-7.01,15942,HIDRO,19,SUDESTE,35,São Paulo,SP,248219.627,-47.39716290999995,-23.61203362599993,EPE - Projetos_Onshore - Projetos_Onshore1,onshore
342,1303,Destilaria Melhoramentos,Companhia Melhoramentos Norte Do Paraná, ,18380.0,1021420800000.0,UTE.AI.PR.028074-7.01,5328,BIOMASSA,20,SUL,41,Paraná,PR,199307.939,-52.42850236099994,-23.56777222399996,EPE - Projetos_Onshore - Projetos_Onshore1,onshore
343,1757,Destilaria Melhoramentos, , ,21140.0,,UTE.AI.PR.028074-7.01,6128,BIOMASSA,20,SUL,41,Paraná,PR,199307.939,-52.42850222199992,-23.56777222199996,EPE - Projetos_Onshore - Projetos_Onshore1,onshore
344,272,Salesópolis,Cobuccio Energia Ltda.,Rio Tietê,1000.0,1228780800000.0,CGH.PH.SP.002570-4.02,290,HIDRO,19,SUDESTE,35,São Paulo,SP,248219.627,-45.83638888899994,-23.56333333299995,EPE - Projetos_Onshore - Projetos_Onshore1,onshore
345,1747,Barueri, , ,20000.0,,UTE.RU.SP.031070-0.01,5797,BIOMASSA,19,SUDESTE,35,São Paulo,SP,248219.627,-46.85194440000001,-23.52177777999994,EPE - Projetos_Onshore - Projetos_Onshore1,onshore
346,1276,Vista Alegre,Agro Industrial Vista Alegre Ltda., ,60000.0,1269475200000.0,UTE.AI.SP.028462-9.01,17391,BIOMASSA,19,SUDESTE,35,São Paulo,SP,248219.627,-48.12474455399995,-23.48905966599991,EPE - Projetos_Onshore - Projetos_Onshore1,onshore
347,1480,Bandeirantes,Biogás Energia Ambiental S.A., ,4624.0,1414972800000.0,UTE.RU.SP.031732-2.01,1340,BIOMASSA,19,SUDESTE,35,São Paulo,SP,248219.627,-46.75582363199997,-23.41978048099994,EPE - Projetos_Onshore - Projetos_Onshore1,onshore
348,1462,Tecipar,Tecipar Engenharia e Meio Ambiente Ltda., ,5704.0,1465603200000.0,UTE.RU.SP.035080-0.01,1653,BIOMASSA,19,SUDESTE,35,São Paulo,SP,248219.627,-46.95944444399995,-23.41666666699996,EPE - Projetos_Onshore - Projetos_Onshore1,onshore
349,1758,Tecipar, , ,1426.0,,UTE.RU.SP.035080-0.01,413,BIOMASSA,19,SUDESTE,35,São Paulo,SP,248219.627,-46.95944444399995,-23.41666666699996,EPE - Projetos_Onshore - Projetos_Onshore1,onshore
350,1590,Paraibuna,Companhia Energética de São Paulo,Rio Paraibuna,87020.0,261878400000.0,UHE.PH.SP.027122-5.01,25223,HIDRO,19,SUDESTE,35,São Paulo,SP,248219.627,-45.60055599999996,-23.41,EPE - Projetos_Onshore - Projetos_Onshore1,onshore
351,1499,Cdr Pedreira I,Veolia Energia LTDA., ,3120.0,1614816000000.0,UTE.RU.SP.048863-1.01,904,BIOMASSA,19,SUDESTE,35,São Paulo,SP,248219.627,-46.56249999999994,-23.40694444099996,EPE - Projetos_Onshore - Projetos_Onshore1,onshore
352,1528,Rasgão,Empresa Metropolitana de Águas e Energia S/A.,Rio Tietê,22000.0,-1398643200000.0,UHE.PH.SP.002187-3.01,6377,HIDRO,19,SUDESTE,35,São Paulo,SP,248219.627,-47.02960459299989,-23.38309329899995,EPE - Projetos_Onshore - Projetos_Onshore1,onshore
353,1709,Santa Branca,Light Energia S.A.,Rio Paraíba do Sul,56050.0,927244800000.0,UHE.PH.SP.002696-4.01,16246,HIDRO,19,SUDESTE,35,São Paulo,SP,248219.627,-45.8715138809999,-23.37350014599998,EPE - Projetos_Onshore - Projetos_Onshore1,onshore
354,1282,Usaciga,"Usaciga Açúcar, Álcool e Energia Elétrica S.A.", ,48600.0,1343692800000.0,UTE.AI.PR.029144-7.01,14087,BIOMASSA,20,SUL,41,Paraná,PR,199307.939,-52.90500000199991,-23.37260000000002,EPE - Projetos_Onshore - Projetos_Onshore1,onshore
355,1248,Termoverde Caieiras,Termoverde Caieiras Ltda., ,29547.0,1468540800000.0,UTE.RU.SP.031436-6.01,8564,BIOMASSA,19,SUDESTE,35,São Paulo,SP,248219.627,-46.77210273699998,-23.33844087399995,EPE - Projetos_Onshore - Projetos_Onshore1,onshore
356,208,Santa Adélia,Companhia Energética Tatuí Ltda.,Rio Sorocaba,1000.0,1146441600000.0,CGH.PH.SP.028186-7.01,290,HIDRO,19,SUDESTE,35,São Paulo,SP,248219.627,-47.76887252199995,-23.32752983499991,EPE - Projetos_Onshore - Projetos_Onshore1,onshore
357,1359,Bio Coopcana,SPE Bio Coopcana S.A., ,50000.0,1377648000000.0,UTE.AI.PR.028148-4.01,14493,BIOMASSA,20,SUL,41,Paraná,PR,199307.939,-52.48755192799994,-23.27075654799996,EPE - Projetos_Onshore - Projetos_Onshore1,onshore
358,1428,Geo Elétrica Tamboara,Geo Elétrica Tamboara Bioenergia SPE Ltda., ,7003.0,1354320000000.0,UTE.AI.PR.030724-6.01,2030,BIOMASSA,20,SUL,41,Paraná,PR,199307.939,-52.49213888899995,-23.26589722099997,EPE - Projetos_Onshore - Projetos_Onshore1,onshore
359,102,Boa Vista,Santa Cruz Geração de Energia S.A.,Ribeirão Boa Vista,640.0,-1798761600000.0,CGH.PH.SP.029628-7.01,186,HIDRO,19,SUDESTE,35,São Paulo,SP,248219.627,-49.46277829999996,-23.23478167199993,EPE - Projetos_Onshore - Projetos_Onshore1,onshore
360,1627,Jurumirim (Armando Avellanal Laydner),"Duke Energy International, Geração Paranapanema S/A.",Rio Paranapanema,100956.0,-229737600000.0,UHE.PH.SP.001285-8.01,29263,HIDRO,19,SUDESTE,35,São Paulo,SP,248219.627,-49.23040450799994,-23.21020542799997,EPE - Projetos_Onshore - Projetos_Onshore1,onshore
361,1529,Porto Góes,Empresa Metropolitana de Águas e Energia S.A.,Rio Tietê,24800.0,-1298851200000.0,UHE.PH.SP.002123-7.01,7188,HIDRO,19,SUDESTE,35,São Paulo,SP,248219.627,-47.29940615699999,-23.20940494599991,EPE - Projetos_Onshore - Projetos_Onshore1,onshore
362,1562,Jaguari,Companhia Energética de São Paulo,Rio Jaguari,27600.0,124416000000.0,UHE.PH.SP.027131-4.01,8000,HIDRO,19,SUDESTE,35,São Paulo,SP,248219.627,-46.02131538399991,-23.19298221699991,EPE - Projetos_Onshore - Projetos_Onshore1,onshore
363,1531,Paranapanema,Enel Green Power Paranapanema S.A.,Rio Paranapanema,31500.0,-410227200000.0,UHE.PH.SP.001972-0.01,9130,HIDRO,19,SUDESTE,35,São Paulo,SP,248219.627,-49.3844660189999,-23.18769352999993,EPE - Projetos_Onshore - Projetos_Onshore1,onshore
364,1636,Pirajú,Companhia Brasileira de Alumínio - CBA - Matriz,Rio Paranapanema,70000.0,1031788800000.0,UHE.PH.SP.002077-0.01,20290,HIDRO,19,SUDESTE,35,São Paulo,SP,248219.627,-49.37997116699997,-23.15423721400001,EPE - Projetos_Onshore - Projetos_Onshore1,onshore
365,1643,Chavantes,"Duke Energy International, Geração Paranapanema S.A.",Rio Paranapanema,414000.0,28771200000.0,UHE.PH.SP.000764-1.01,0,HIDRO,20,SUL,41,Paraná,PR,199307.939,-49.73295944399993,-23.12795664799999,EPE - Projetos_Onshore - Projetos_Onshore1,onshore
366,1438,Jacarezinho,Companhia Agrícola Usina Jacarezinho, ,8000.0,241920000000.0,UTE.AI.PR.028153-0.01,2319,BIOMASSA,20,SUL,41,Paraná,PR,199307.939,-49.94125681899996,-23.09315440699991,EPE - Projetos_Onshore - Projetos_Onshore1,onshore
367,1554,Ourinhos,Companhia Brasileira de Alumínio,Rio Paranapanema,44000.0,1133913600000.0,UHE.PH.SP.027872-6.01,12754,HIDRO,19,SUDESTE,35,São Paulo,SP,248219.627,-49.83806666699994,-23.06844166699994,EPE - Projetos_Onshore - Projetos_Onshore1,onshore
368,1209,Rio Pardo,Albioma Rio Pardo Termelétricas Ltda., ,60000.0,1256947200000.0,UTE.AI.SP.030065-9.01,17391,BIOMASSA,19,SUDESTE,35,São Paulo,SP,248219.627,-49.12639999999995,-23.06179999899992,EPE - Projetos_Onshore - Projetos_Onshore1,onshore
369,1338,Rafard,Bioenergia Rafard Ltda, ,50000.0,-915148800000.0,UTE.AI.SP.002903-3.01,14493,BIOMASSA,19,SUDESTE,35,São Paulo,SP,248219.627,-47.52019455399996,-22.9973496659999,EPE - Projetos_Onshore - Projetos_Onshore1,onshore
370,1362,Usina São Luiz,Usina São Luiz S.A., ,16000.0,988675200000.0,UTE.AI.SP.028060-7.01,4638,BIOMASSA,19,SUDESTE,35,São Paulo,SP,248219.627,-49.86857999699998,-22.97726805799994,EPE - Projetos_Onshore - Projetos_Onshore1,onshore
371,172,Rio Novo,Santa Cruz Geração de Energia S.A.,Rio Novo,974.43,-1924992000000.0,CGH.PH.SP.002428-7.02,282,HIDRO,19,SUDESTE,35,São Paulo,SP,248219.627,-48.97815601599993,-22.9586206299999,EPE - Projetos_Onshore - Projetos_Onshore1,onshore
372,246,Salto do Lobo,Companhia Energética Salto do Lobo Ltda.,Rio Pardo,1616.0,1019606400000.0,CGH.PH.SP.028585-4.02,468,HIDRO,19,SUDESTE,35,São Paulo,SP,248219.627,-48.73788246799997,-22.95380478999996,EPE - Projetos_Onshore - Projetos_Onshore1,onshore
373,1404,Canaã,Cocal Comércio Indústria Canaã Açúcar e Álcool, ,30000.0,1154995200000.0,UTE.AI.SP.029138-2.01,8696,BIOMASSA,19,SUDESTE,35,São Paulo,SP,248219.627,-47.60201000199996,-22.94271999199994,EPE - Projetos_Onshore - Projetos_Onshore1,onshore
374,1665,Canoas I,"Companhia Brasileira de Alumínio, Duke Energy International, Geração Paranapanema S.A.",Rio Paranapanema,82500.0,926208000000.0,UHE.PH.SP.000647-5.01,23913,HIDRO,19,SUDESTE,35,São Paulo,SP,248219.627,-50.51734713699993,-22.94129940199999,EPE - Projetos_Onshore - Projetos_Onshore1,onshore
375,1546,Canoas II,"Companhia Brasileira de Alumínio, Duke Energy International, Geração Paranapanema S.A.",Rio Paranapanema,72000.0,931824000000.0,UHE.PH.SP.027092-0.01,20870,HIDRO,20,SUL,41,Paraná,PR,199307.939,-50.25051920199994,-22.93798971099997,EPE - Projetos_Onshore - Projetos_Onshore1,onshore
376,1224,UJU,Usina Alto Alegre S.A. Açúcar e Álcool, ,30000.0,801964800000.0,UTE.AI.PR.028367-3.01,8696,BIOMASSA,20,SUL,41,Paraná,PR,199307.939,-51.95139589799994,-22.93118873699991,EPE - Projetos_Onshore - Projetos_Onshore1,onshore
377,1379,Furlan Avaré,Usina Açucareira Furlan  S.A., ,30000.0,1400716800000.0,UTE.AI.SP.031189-8.01,8696,BIOMASSA,19,SUDESTE,35,São Paulo,SP,248219.627,-48.929254746,-22.92363213299996,EPE - Projetos_Onshore - Projetos_Onshore1,onshore
378,1463,Tremembé,SPE Tremembe Energia Ltda., ,4278.0,1526342400000.0,UTE.RU.SP.040200-1.01,1240,BIOMASSA,19,SUDESTE,35,São Paulo,SP,248219.627,-45.6135805559999,-22.91541666699993,EPE - Projetos_Onshore - Projetos_Onshore1,onshore
379,1550,Salto Grande (Lucas Nogueira Garcez),"Duke Energy International, Geração Paranapanema S.A.",Rio Paranapanema,73800.0,-365731200000.0,UHE.PH.SP.002648-4.01,21391,HIDRO,20,SUL,41,Paraná,PR,199307.939,-49.99798631199994,-22.90389935599991,EPE - Projetos_Onshore - Projetos_Onshore1,onshore
380,1466,Arevale,Arevale Industria e Comércio de Artefatos de Concreto Ltda., ,2000.0,1417046400000.0,UTE.AI.SP.032860-0.01,580,BIOMASSA,19,SUDESTE,35,São Paulo,SP,248219.627,-45.33693735799994,-22.89160244099995,EPE - Projetos_Onshore - Projetos_Onshore1,onshore
381,1165,Tanquinho,100% para SPE CPFL SOLAR 1 ENERGIA S.A. (REG), ,1082.0,1582848000000.0,UFV.RS.SP.030977-0.01,314,UFV,19,SUDESTE,35,São Paulo,SP,248219.627,-47.04377999999993,-22.88337599999991,EPE - Projetos_Onshore - Projetos_Onshore1,onshore
382,126,Pari,Quatiara Energia S.A.,Rio Pari,1344.0,-1032825600000.0,CGH.PH.SP.001988-7.02,390,HIDRO,19,SUDESTE,35,São Paulo,SP,248219.627,-50.32941010099991,-22.88288920399995,EPE - Projetos_Onshore - Projetos_Onshore1,onshore
383,1214,Santa Terezinha Paranacity,Usina de Açúcar e Álcool Santa Terezinha Ltda, ,46000.0,1250899200000.0,UTE.AI.PR.028139-5.01,13333,BIOMASSA,20,SUL,41,Paraná,PR,199307.939,-52.17363455399992,-22.87240966599991,EPE - Projetos_Onshore - Projetos_Onshore1,onshore
384,1315,UFL,Usina Alto Alegre S/A Açúcar e Álcool, ,42000.0,1405036800000.0,UTE.AI.PR.031034-4.01,12174,BIOMASSA,20,SUL,41,Paraná,PR,199307.939,-51.37747899899995,-22.85850922999997,EPE - Projetos_Onshore - Projetos_Onshore1,onshore
385,1740,São Gonçalo, , ,8466.0,,UTE.RU.RJ.048949-2.01,2454,BIOMASSA,18,SUDESTE,33,Rio de Janeiro,RJ,43781.588,-42.98083333299997,-22.85666666599993,EPE - Projetos_Onshore - Projetos_Onshore1,onshore
386,1498,Destilaria Melhoramentos - Nova Londrina,Companhia Melhoramentos Norte do Paraná, ,7600.0,1637280000000.0,UTE.AI.PR.050872-1.01,2203,BIOMASSA,20,SUL,41,Paraná,PR,199307.939,-52.98918055199994,-22.80010833499991,EPE - Projetos_Onshore - Projetos_Onshore1,onshore
387,1425,Galvani,Galvani Indústria Comércio e Serciços S.A., ,11500.0,841536000000.0,UTE.AI.SP.001017-0.01,3333,BIOMASSA,19,SUDESTE,35,São Paulo,SP,248219.627,-47.12506283199993,-22.79900328499996,EPE - Projetos_Onshore - Projetos_Onshore1,onshore
388,1517,Macaco Branco,CPFL Geração de Energia S.A.,Rio Jaguari,2363.0,-1861920000000.0,UHE.PH.SP.001349-8.01,685,HIDRO,19,SUDESTE,35,São Paulo,SP,248219.627,-46.89956004399997,-22.79089462899998,EPE - Projetos_Onshore - Projetos_Onshore1,onshore
389,1223,Tarumã,Bioenergia Tarumã Ltda., ,24000.0,990316800000.0,UTE.AI.SP.028096-8.01,6957,BIOMASSA,19,SUDESTE,35,São Paulo,SP,248219.627,-50.54834122699995,-22.78500529499994,EPE - Projetos_Onshore - Projetos_Onshore1,onshore
390,1358,Usaçúcar - Terra Rica,Usina de Açúcar Santa Terezinha Ltda, ,16500.0,1255564800000.0,UTE.AI.PR.029780-1.01,4783,BIOMASSA,20,SUL,41,Paraná,PR,199307.939,-52.70404455399992,-22.78307966599996,EPE - Projetos_Onshore - Projetos_Onshore1,onshore
391,1447,Decasa,ENERCASA Energia Caiuá S.A., ,33000.0,1072915200000.0,UTE.AI.SP.028051-8.01,9565,BIOMASSA,19,SUDESTE,35,São Paulo,SP,248219.627,-50.112795975,-22.76734890499992,EPE - Projetos_Onshore - Projetos_Onshore1,onshore
392,1258,Água Bonita,Destilaria Água Bonita Ltda., ,17000.0,1149206400000.0,UTE.AI.SP.027891-2.01,4928,BIOMASSA,19,SUDESTE,35,São Paulo,SP,248219.627,-50.59850900399995,-22.740733554,EPE - Projetos_Onshore - Projetos_Onshore1,onshore
393,98,Central GH Engenheiro Bernardo Figueiredo,Monte Azul Empreendimentos Imobiliários e Geração de Energia Ltda.,Rio Jaguari,2250.0,-605923200000.0,CGH.PH.SP.000884-2.01,652,HIDRO,19,SUDESTE,35,São Paulo,SP,248219.627,-46.93738473299992,-22.74007449899991,EPE - Projetos_Onshore - Projetos_Onshore1,onshore
394,116,Isabel,SZO Empreendimentos Ltda - ME,Rio Sacatrapo,3168.0,-1725321600000.0,CGH.PH.SP.001148-7.03,918,HIDRO,19,SUDESTE,35,São Paulo,SP,248219.627,-45.45211587499997,-22.72751309699992,EPE - Projetos_Onshore - Projetos_Onshore1,onshore
395,1350,USI (Antiga Unidade Santo Inácio - USI),Usina Alto Alegre  S.A.  Açúcar e Álcool, ,70000.0,1190160000000.0,UTE.AI.PR.029575-2.01,20290,BIOMASSA,20,SUL,41,Paraná,PR,199307.939,-51.77740003999995,-22.70879988899995,EPE - Projetos_Onshore - Projetos_Onshore1,onshore
396,1681,Fontes Nova,Light Energia S.A.,Ribeirão das Lajes,131988.0,-946771200000.0,UHE.PH.RJ.000973-3.01,38257,HIDRO,18,SUDESTE,33,Rio de Janeiro,RJ,43781.588,-43.86444444399996,-22.69138888899989,EPE - Projetos_Onshore - Projetos_Onshore1,onshore
397,1664,Pereira Passos,Light Energia S.A.,Ribeirão das Lajes,99900.0,-252460800000.0,UHE.PH.RJ.002043-5.01,28957,HIDRO,18,SUDESTE,33,Rio de Janeiro,RJ,43781.588,-43.82361111099994,-22.68666666699997,EPE - Projetos_Onshore - Projetos_Onshore1,onshore
398,1560,Nilo Peçanha,Light Energia S.A.,Rio Piraí,380030.0,-536457600000.0,UHE.PH.RJ.001536-9.01,0,HIDRO,18,SUDESTE,33,Rio de Janeiro,RJ,43781.588,-43.87327509899991,-22.68330444599996,EPE - Projetos_Onshore - Projetos_Onshore1,onshore
399,1235,Nova Iguaçu,Nova Iguaçu Energia e Gás Renovável Ltda., ,16932.0,1557187200000.0,UTE.RU.RJ.040566-3.01,4908,BIOMASSA,18,SUDESTE,33,Rio de Janeiro,RJ,43781.588,-43.47745447799999,-22.67522087899992,EPE - Projetos_Onshore - Projetos_Onshore1,onshore
400,66,Sodré,Construtora Kamilos Ltda.,Rio Piagui,1012.0,1364774400000.0,CGH.PH.SP.031099-9.01,293,HIDRO,19,SUDESTE,35,São Paulo,SP,248219.627,-45.30924182899999,-22.66475503999995,EPE - Projetos_Onshore - Projetos_Onshore1,onshore
401,97,Ribeirão do Pinhal,Companhia Energética Salto do Lobo Ltda.,Ribeirão do Pinhal,1200.0,1058227200000.0,CGH.PH.SP.002238-1.02,348,HIDRO,19,SUDESTE,35,São Paulo,SP,248219.627,-47.27800740699994,-22.66029788499993,EPE - Projetos_Onshore - Projetos_Onshore1,onshore
402,1298,Ester,"Usina Açucareira Ester S.A., Lacenas Participações Ltda.", ,46400.0,-504921600000.0,UTE.AI.SP.000912-1.01,13449,BIOMASSA,19,SUDESTE,35,São Paulo,SP,248219.627,-47.21090002899999,-22.65729996199995,EPE - Projetos_Onshore - Projetos_Onshore1,onshore
403,1679,Capivara (Escola de Engenharia Mackenzie),"Duke Energy International, Geração Paranapanema S.A.",Rio Paranapanema,643000.0,226800000000.0,UHE.PH.SP.000657-2.01,0,HIDRO,19,SUDESTE,35,São Paulo,SP,248219.627,-51.35708795299998,-22.6546865629999,EPE - Projetos_Onshore - Projetos_Onshore1,onshore
404,1269,Usi Bio,Usina Alto Alegre S.A. Açúcar e Álcool, ,35000.0,1433376000000.0,UTE.AI.PR.031968-6.01,10145,BIOMASSA,20,SUL,41,Paraná,PR,199307.939,-51.79771380199993,-22.65241460999994,EPE - Projetos_Onshore - Projetos_Onshore1,onshore
405,1312,Costa Pinto,Bioenergia Costa Pinto Ltda, ,75000.0,231292800000.0,UTE.AI.SP.028221-9.01,21739,BIOMASSA,19,SUDESTE,35,São Paulo,SP,248219.627,-47.67492455399999,-22.63570966599995,EPE - Projetos_Onshore - Projetos_Onshore1,onshore
406,1724,Vigário (Elevatória/Potência de bombeamento 90.820 kW),Light Energia S.A.,Rio Piraí,90820.0,-568080000000.0,UHE.PH.RJ.002982-3.01,26325,HIDRO,18,SUDESTE,33,Rio de Janeiro,RJ,43781.588,-43.89562360699994,-22.63019987499997,EPE - Projetos_Onshore - Projetos_Onshore1,onshore
407,1732,Barra Grande 2, , ,70000.0,,UTE.AI.SP.051532-9.01,20290,BIOMASSA,19,SUDESTE,35,São Paulo,SP,248219.627,-48.75214700000001,-22.62901699999998,EPE - Projetos_Onshore - Projetos_Onshore1,onshore
408,1297,Barra Grande de Lençóis,Usina Barra Grande de Lençóis S.A., ,62900.0,1052870400000.0,UTE.AI.SP.027055-5.01,18232,BIOMASSA,19,SUDESTE,35,São Paulo,SP,248219.627,-48.75681591999996,-22.62529357999992,EPE - Projetos_Onshore - Projetos_Onshore1,onshore
409,1240,Caarapó,Bioenergia Caarapó Ltda., ,114000.0,1273795200000.0,UTE.AI.MS.030104-3.01,33043,BIOMASSA,22,CENTRO-OESTE,50,Mato Grosso do Sul,MS,357145.531,-54.68484255399996,-22.61045366499997,EPE - Projetos_Onshore - Projetos_Onshore1,onshore
410,1540,Socorro,Mohini Empreendimentos e Participações Ltda.,Rio do Peixe,1000.0,-2209161600000.0,UHE.PH.SP.002762-6.01,290,HIDRO,19,SUDESTE,35,São Paulo,SP,248219.627,-46.50602161499997,-22.60581721599995,EPE - Projetos_Onshore - Projetos_Onshore1,onshore
411,1631,Rosana,"Duke Energy International, Geração Paranapanema S.A.",Rio Paranapanema,354000.0,548467200000.0,UHE.PH.SP.002555-0.01,0,HIDRO,20,SUL,41,Paraná,PR,199307.939,-52.8694439999999,-22.59999999999994,EPE - Projetos_Onshore - Projetos_Onshore1,onshore
412,1745,Cidade do Livro, , ,80000.0,,UTE.FL.SP.040580-9.01,23188,BIOMASSA,19,SUDESTE,35,São Paulo,SP,248219.627,-48.74943349999994,-22.59084658999993,EPE - Projetos_Onshore - Projetos_Onshore1,onshore
413,1305,Iracema,São Martinho S.A., ,14000.0,-2038348800000.0,UTE.AI.SP.001142-8.01,4058,BIOMASSA,19,SUDESTE,35,São Paulo,SP,248219.627,-47.52161455399994,-22.58236966599994,EPE - Projetos_Onshore - Projetos_Onshore1,onshore
414,128,Limoeiro,Limoeiro Energia S.A.,Rio Cachoeirinha,1250.0,1441411200000.0,CGH.PH.MG.030983-4.01,362,HIDRO,16,SUDESTE,31,Minas Gerais,MG,586520.732,-46.41181824200002,-22.573661412,EPE - Projetos_Onshore - Projetos_Onshore1,onshore
415,1420,Maracaí,Bioenergia Maracaí Ltda, ,46820.0,960854400000.0,UTE.AI.SP.001405-2.01,13571,BIOMASSA,19,SUDESTE,35,São Paulo,SP,248219.627,-50.64415455399997,-22.57108966600002,EPE - Projetos_Onshore - Projetos_Onshore1,onshore
416,148,Cachoeirinha,Cachoeirinha Energia S.A.,Rio da Cachoeirinha,1250.0,1441065600000.0,CGH.PH.MG.030242-2.01,362,HIDRO,16,SUDESTE,31,Minas Gerais,MG,586520.732,-46.40994052299991,-22.57046400499994,EPE - Projetos_Onshore - Projetos_Onshore1,onshore
417,1373,Paranapanema,UMOE Bioenergy S.A, ,60000.0,1339804800000.0,UTE.AI.SP.030561-8.01,17391,BIOMASSA,19,SUDESTE,35,São Paulo,SP,248219.627,-51.81886788699998,-22.54628744400001,EPE - Projetos_Onshore - Projetos_Onshore1,onshore
418,1671,Taquaruçu (Escola Politécnica),"Duke Energy International, Geração Paranapanema S.A.",Rio Paranapanema,525000.0,721526400000.0,UHE.PH.SP.002821-5.01,0,HIDRO,19,SUDESTE,35,São Paulo,SP,248219.627,-52.00024984299995,-22.5436691089999,EPE - Projetos_Onshore - Projetos_Onshore1,onshore
419,1733,Bracell, , ,160000.0,,UTE.FL.SP.043249-0.01,46377,BIOMASSA,19,SUDESTE,35,São Paulo,SP,248219.627,-48.81499999999994,-22.54138888899998,EPE - Projetos_Onshore - Projetos_Onshore1,onshore
420,1405,Lwarcel (Antiga Lençóis Paulista),Lwarcel Celulose Ltda, ,38000.0,536457600000.0,UTE.FL.SP.028620-6.01,11014,BIOMASSA,19,SUDESTE,35,São Paulo,SP,248219.627,-48.79942355399997,-22.54017666599995,EPE - Projetos_Onshore - Projetos_Onshore1,onshore
421,173,Andorinhas II,Fábricas Unidas Energia Ltda.,Rio Chiqueiro e Rio Andorinhas,686.0,1393632000000.0,CGH.PH.RJ.000769-2.01,199,HIDRO,18,SUDESTE,33,Rio de Janeiro,RJ,43781.588,-43.03922126999994,-22.53254131699996,EPE - Projetos_Onshore - Projetos_Onshore1,onshore
422,1612,Funil,Furnas Centrais Elétricas S.A.,Rio Paraíba do Sul,216000.0,6739200000.0,UHE.PH.RJ.027118-7.01,62609,HIDRO,18,SUDESTE,33,Rio de Janeiro,RJ,43781.588,-44.56793130999996,-22.52881286799993,EPE - Projetos_Onshore - Projetos_Onshore1,onshore
423,1279,Cocal II,Cocal Comércio e Indústria Canaã de Açúcar e Álcool Ltda, ,131300.0,1262908800000.0,UTE.AI.SP.029713-5.01,38058,BIOMASSA,19,SUDESTE,35,São Paulo,SP,248219.627,-51.49399882599994,-22.52680630899991,EPE - Projetos_Onshore - Projetos_Onshore1,onshore
424,1587,Barra Bonita,AES Tietê Energia S.A.,Rio Tietê,140760.0,-208915200000.0,UHE.PH.SP.000208-9.01,40800,HIDRO,19,SUDESTE,35,São Paulo,SP,248219.627,-48.53444399999997,-22.51944399999995,EPE - Projetos_Onshore - Projetos_Onshore1,onshore
425,1374,São José,Açucareira Zillo Lorenzetti S/A, ,84805.0,767750400000.0,UTE.AI.SP.026847-0.01,24581,BIOMASSA,19,SUDESTE,35,São Paulo,SP,248219.627,-48.77101455399996,-22.48351966599994,EPE - Projetos_Onshore - Projetos_Onshore1,onshore
426,1564,Santa Cecília (Elevatória/Potência de bombeamento 34.960 kW),Light Energia S/A,Rio Paraíba do Sul,34960.0,-568080000000.0,UHE.PH.RJ.027217-5.01,10133,HIDRO,18,SUDESTE,33,Rio de Janeiro,RJ,43781.588,-43.83872243799997,-22.48138601499997,EPE - Projetos_Onshore - Projetos_Onshore1,onshore
427,1399,Barra Bioenergia,Bioenergia Barra Ltda., ,136000.0,1279152000000.0,UTE.AI.SP.030047-0.01,39420,BIOMASSA,19,SUDESTE,35,São Paulo,SP,248219.627,-48.53199852299996,-22.47792062699994,EPE - Projetos_Onshore - Projetos_Onshore1,onshore
428,1725,Porto Primavera (Eng° Sérgio Motta),Companhia Energética de São Paulo,Rio Paraná,1540000.0,916963200000.0,UHE.PH.SP.002127-0.01,0,HIDRO,22,CENTRO-OESTE,50,Mato Grosso do Sul,MS,357145.531,-52.95868499999996,-22.47567361099992,EPE - Projetos_Onshore - Projetos_Onshore1,onshore
429,1384,Cocal,Cocal Termoelétrica S.A, ,28200.0,1042156800000.0,UTE.AI.SP.027974-9.01,8174,BIOMASSA,19,SUDESTE,35,São Paulo,SP,248219.627,-50.77933455399999,-22.46995966599992,EPE - Projetos_Onshore - Projetos_Onshore1,onshore
430,1743,Bioenergia Paraguaçu, , ,30000.0,,UTE.AI.SP.028078-0.01,8696,BIOMASSA,19,SUDESTE,35,São Paulo,SP,248219.627,-50.49197001999996,-22.46577991999995,EPE - Projetos_Onshore - Projetos_Onshore1,onshore
431,1736,Laguna, , ,21200.0,,UTE.AI.MS.030482-4.01,6145,BIOMASSA,22,CENTRO-OESTE,50,Mato Grosso do Sul,MS,357145.531,-53.30467222000001,-22.45413333999998,EPE - Projetos_Onshore - Projetos_Onshore1,onshore
432,1231,Amandina,Adecoagro Vale do Ivinhema S.A., ,80000.0,1402358400000.0,UTE.AI.MS.030115-9.01,23188,BIOMASSA,22,CENTRO-OESTE,50,Mato Grosso do Sul,MS,357145.531,-53.57806388799997,-22.43809722199999,EPE - Projetos_Onshore - Projetos_Onshore1,onshore
433,294,Jacaré Pepira,Cobucio Energia Ltda.,Rio Jacaré Pepira,2000.0,1277510400000.0,CGH.PH.SP.029296-6.02,580,HIDRO,19,SUDESTE,35,São Paulo,SP,248219.627,-48.01527777800001,-22.43444444499992,EPE - Projetos_Onshore - Projetos_Onshore1,onshore
434,1364,São João,U.S.J. - Açúcar e Álcool S.A., ,40750.0,157766400000.0,UTE.AI.SP.026832-1.01,11812,BIOMASSA,19,SUDESTE,35,São Paulo,SP,248219.627,-47.35749999999996,-22.42639999999992,EPE - Projetos_Onshore - Projetos_Onshore1,onshore
435,1525,Três Saltos,Jayaditya Empreendimentos e Participações Ltda.,Ribeirão dos Pinheirinhos,640.0,-2209161600000.0,UHE.PH.SP.002877-0.01,186,HIDRO,19,SUDESTE,35,São Paulo,SP,248219.627,-48.17444444399996,-22.3777777779999,EPE - Projetos_Onshore - Projetos_Onshore1,onshore
436,278,Luiz Dias,CEMIG - Geração e Transmissão S.A,Rio Lourenço Velho,1620.0,-2208988800000.0,CGH.PH.MG.001344-7.01,470,HIDRO,16,SUDESTE,31,Minas Gerais,MG,586520.732,-45.34963006099996,-22.36942312599999,EPE - Projetos_Onshore - Projetos_Onshore1,onshore
437,1259,Brotas,"Cogeração de Energia Elétrica Paraíso S.A.,Rhodia Poliamida e Especialidades S.A.", ,35000.0,1367625600000.0,UTE.AI.SP.030782-3.01,10145,BIOMASSA,19,SUDESTE,35,São Paulo,SP,248219.627,-48.105986574,-22.35041833399996,EPE - Projetos_Onshore - Projetos_Onshore1,onshore
438,1422,Brotas II,Cogeração de Energia Elétrica Rhodia Brotas S.A., ,35000.0,1251849600000.0,UTE.AI.SP.034649-7.01,10145,BIOMASSA,19,SUDESTE,35,São Paulo,SP,248219.627,-48.105986574,-22.35041833399996,EPE - Projetos_Onshore - Projetos_Onshore1,onshore
439,1436,N O Bioenergia,J.O. Bioenergia S.A., ,18000.0,1468022400000.0,UTE.AI.SP.032525-2.01,5217,BIOMASSA,19,SUDESTE,35,São Paulo,SP,248219.627,-47.40838559499993,-22.33668498699999,EPE - Projetos_Onshore - Projetos_Onshore1,onshore
440,36,Hans,Energisa Geração Usina Maurício S.A.,Ribeirão Santo Antônio,300.0,1325376000000.0,CGH.PH.RJ.001083-9.01,87,HIDRO,18,SUDESTE,33,Rio de Janeiro,RJ,43781.588,-42.5166673799999,-22.329123629,EPE - Projetos_Onshore - Projetos_Onshore1,onshore
441,1272,Amandina II,Adecoagro Energia Ltda., ,40000.0,1525305600000.0,UTE.AI.MS.038375-9.01,11594,BIOMASSA,22,CENTRO-OESTE,50,Mato Grosso do Sul,MS,357145.531,-53.82117306499998,-22.32505522799991,EPE - Projetos_Onshore - Projetos_Onshore1,onshore
442,72,Santa Terezinha,SPE Santa Terezinha Geração de Energia Ltda.,Rio Mogi-Guaçu,1000.0,1255046400000.0,CGH.PH.MG.028242-1.01,290,HIDRO,16,SUDESTE,31,Minas Gerais,MG,586520.732,-46.19728121199992,-22.31470264099998,EPE - Projetos_Onshore - Projetos_Onshore1,onshore
443,1471,São Fernando Açúcar e Álcool,São Fernando Açúcar e Álcool Ltda., ,50016.0,1254096000000.0,UTE.AI.MS.030044-6.01,14497,BIOMASSA,22,CENTRO-OESTE,50,Mato Grosso do Sul,MS,357145.531,-54.93252860299995,-22.31469346799993,EPE - Projetos_Onshore - Projetos_Onshore1,onshore
444,1460,São Fernando Energia I,São Fernando Energia I Ltda., ,50000.0,1322524800000.0,UTE.AI.MS.030479-4.01,14493,BIOMASSA,22,CENTRO-OESTE,50,Mato Grosso do Sul,MS,357145.531,-54.93561572699994,-22.31108236799993,EPE - Projetos_Onshore - Projetos_Onshore1,onshore
445,1306,Monteverde,Monteverde Agro-Energética S.A, ,20000.0,1277856000000.0,UTE.AI.MS.029990-1.01,5797,BIOMASSA,22,CENTRO-OESTE,50,Mato Grosso do Sul,MS,357145.531,-55.09379555399995,-22.29160666499993,EPE - Projetos_Onshore - Projetos_Onshore1,onshore
446,153,Jacutinga,CEMIG Geração e Transmissão S.A.,Rio Mogi-Guaçu,720.0,-694310400000.0,CGH.PH.MG.001220-3.01,209,HIDRO,16,SUDESTE,31,Minas Gerais,MG,586520.732,-46.67546006199991,-22.25878062399994,EPE - Projetos_Onshore - Projetos_Onshore1,onshore
447,71,Laranja Doce,Quatiara Energia S.A.,Ribeirão Laranja Doce,720.0,-1293840000000.0,CGH.PH.SP.001310-2.01,209,HIDRO,19,SUDESTE,35,São Paulo,SP,248219.627,-51.17083299999996,-22.24694399999996,EPE - Projetos_Onshore - Projetos_Onshore1,onshore
448,2035,Alagoa III, ,Aiuruoca,1600.0,,CGH.PH.MG.044305-0.01,464,HIDRO,16,SUDESTE,31,Minas Gerais,MG,586520.732,-44.6679420209999,-22.23184720899998,EPE - Projetos_Onshore - Projetos_Onshore1,onshore
449,219,Rio Bonito Três Vales,Rio Bonito Três Vales Bioenergia Ltda.,Rio Bonito,796.0,1422748800000.0,CGH.PH.RJ.030620-7.01,231,HIDRO,18,SUDESTE,33,Rio de Janeiro,RJ,43781.588,-43.01351938700002,-22.226603568,EPE - Projetos_Onshore - Projetos_Onshore1,onshore
450,1419,Quatá,Açucareira Quatá S/A, ,65000.0,915148800000.0,UTE.AI.SP.028288-0.01,18841,BIOMASSA,19,SUDESTE,35,São Paulo,SP,248219.627,-50.64525999999995,-22.20624999999992,EPE - Projetos_Onshore - Projetos_Onshore1,onshore
451,1234,LDC Bioenergia Leme (Antiga Coinbra - Cresciumal),Biosev S.A, ,39600.0,515289600000.0,UTE.AI.SP.027059-8.01,11478,BIOMASSA,19,SUDESTE,35,São Paulo,SP,248219.627,-47.33761999999999,-22.17215999999998,EPE - Projetos_Onshore - Projetos_Onshore1,onshore
452,114,Henrique Portugal,GESM - Geração de Energia Sul de Minas S.A.,Rio do Bananal,800.0,-536457600000.0,CGH.PH.MG.028022-4.01,232,HIDRO,16,SUDESTE,31,Minas Gerais,MG,586520.732,-44.11742500099997,-22.16586634199998,EPE - Projetos_Onshore - Projetos_Onshore1,onshore
453,108,Bom Jardim,Magatec Serviços Ltda.,Rio Grande,140.25,1478217600000.0,CGH.PH.RJ.030997-4.01,41,HIDRO,18,SUDESTE,33,Rio de Janeiro,RJ,43781.588,-42.41750228299993,-22.15830239599995,EPE - Projetos_Onshore - Projetos_Onshore1,onshore
454,1300,Angélica,Adecoagro Vale do Ivinhema S.A., ,105000.0,1237334400000.0,UTE.AI.MS.029670-8.01,30435,BIOMASSA,22,CENTRO-OESTE,50,Mato Grosso do Sul,MS,357145.531,-53.77126495399997,-22.15618625299992,EPE - Projetos_Onshore - Projetos_Onshore1,onshore
455,1640,Bariri (Álvaro de Souza Lima),AES Tietê Energia S.A.,Rio Tietê,143100.0,-518400000.0,UHE.PH.SP.000203-8.01,41478,HIDRO,19,SUDESTE,35,São Paulo,SP,248219.627,-48.75249999999991,-22.153333,EPE - Projetos_Onshore - Projetos_Onshore1,onshore
456,1455,Conquista do Pontal,Usina Conquista do Pontal S/A; OER Mirante Energia S.A, ,110000.0,1279756800000.0,UTE.AI.SP.030024-1.01,31884,BIOMASSA,19,SUDESTE,35,São Paulo,SP,248219.627,-51.75683455399992,-22.12020966599993,EPE - Projetos_Onshore - Projetos_Onshore1,onshore
457,61,Congonhal II,GESM - Geração de Energia Sul de Minas S.A.,Rio do Jacu,428.0,0.0,CGH.PH.MG.028020-8.01,124,HIDRO,16,SUDESTE,31,Minas Gerais,MG,586520.732,-44.84459520099994,-22.11083174899991,EPE - Projetos_Onshore - Projetos_Onshore1,onshore
458,1317,Santa Cândida I,"Geração Bioeletricidade Santa Cândida I S.A., Tonom Bioenergia S.A.", ,30000.0,1020211200000.0,UTE.AI.SP.027767-3.01,8696,BIOMASSA,19,SUDESTE,35,São Paulo,SP,248219.627,-48.48170000099998,-22.10559999899993,EPE - Projetos_Onshore - Projetos_Onshore1,onshore
459,1488,Santa Cândida II,Geração Biomassa Santa Cândida II S.A., ,55000.0,1481932800000.0,UTE.AI.SP.031739-0.01,15942,BIOMASSA,19,SUDESTE,35,São Paulo,SP,248219.627,-48.48137752599995,-22.10472206299994,EPE - Projetos_Onshore - Projetos_Onshore1,onshore
460,2039,Serra Negra, ,Ribeirão da Conceição,3000.0,,CGH.PH.MG.040663-5.01,870,HIDRO,16,SUDESTE,31,Minas Gerais,MG,586520.732,-43.74853701699994,-22.028977792,EPE - Projetos_Onshore - Projetos_Onshore1,onshore
461,1537,Monjolinho,Mohini Empreendimentos e Participações Ltda.,Rio do Monjolinho,600.0,-2209161600000.0,UHE.PH.SP.001486-9.01,174,HIDRO,19,SUDESTE,35,São Paulo,SP,248219.627,-47.91457804199999,-22.0227956809999,EPE - Projetos_Onshore - Projetos_Onshore1,onshore
462,1351,Usina da Serra,Bioenergia Serra Ltda, ,15000.0,1021852800000.0,UTE.AI.SP.028209-0.01,4348,BIOMASSA,19,SUDESTE,35,São Paulo,SP,248219.627,-47.99263455399993,-22.00950966599991,EPE - Projetos_Onshore - Projetos_Onshore1,onshore
463,6,Floresta,Grão Mogol Energia,Ribeirão do Barulho,950.0,1414108800000.0,CGH.PH.MG.031641-5.01,275,HIDRO,16,SUDESTE,31,Minas Gerais,MG,586520.732,-44.40624497099998,-22.00555934599991,EPE - Projetos_Onshore - Projetos_Onshore1,onshore
464,1427,Baldin,CPFL Bioenergia S.A., ,45000.0,1282867200000.0,UTE.AI.SP.030169-8.01,13043,BIOMASSA,19,SUDESTE,35,São Paulo,SP,248219.627,-47.45007137099996,-21.98752131199993,EPE - Projetos_Onshore - Projetos_Onshore1,onshore
465,1616,Sobragi,Compahia Brasileira de Alumínio,Rio Paraibuna,60000.0,899251200000.0,UHE.PH.MG.002757-0.01,17391,HIDRO,16,SUDESTE,31,Minas Gerais,MG,586520.732,-43.36307658099995,-21.979254404,EPE - Projetos_Onshore - Projetos_Onshore1,onshore
466,1218,São João da Boa Vista,Abengoa Bioenergia Agroindústria Ltda., ,70000.0,852076800000.0,UTE.AI.SP.027709-6.01,20290,BIOMASSA,19,SUDESTE,35,São Paulo,SP,248219.627,-46.79635099999999,-21.97201099999993,EPE - Projetos_Onshore - Projetos_Onshore1,onshore
467,183,Santana do Deserto I,Central Geradora Hidroelétrica Santana do Deserto Ltda.,Ribeirão Caguincho,1600.0,1527206400000.0,CGH.PH.MG.035745-6.01,464,HIDRO,16,SUDESTE,31,Minas Gerais,MG,586520.732,-43.15506279599994,-21.96380372299996,EPE - Projetos_Onshore - Projetos_Onshore1,onshore
468,203,Posses,Grão Mogol Energia Ltda.,Ribeirão Itapeva,950.0,1385424000000.0,CGH.PH.MG.031281-9.01,275,HIDRO,16,SUDESTE,31,Minas Gerais,MG,586520.732,-44.52222309899999,-21.96310036199994,EPE - Projetos_Onshore - Projetos_Onshore1,onshore
469,210,Quatiara,Quatiara Energia S.A.,Rio do Peixe,2600.0,-978307200000.0,CGH.PH.SP.002164-4.02,754,HIDRO,19,SUDESTE,35,São Paulo,SP,248219.627,-50.92912507199998,-21.95167442599993,EPE - Projetos_Onshore - Projetos_Onshore1,onshore
470,239,Boa Vista Capeada,Con Energética Participações S.A.,Ribeirão da Itapeva,720.0,-2209161600000.0,CGH.PH.MG.030919-2.01,209,HIDRO,16,SUDESTE,31,Minas Gerais,MG,586520.732,-44.51064682999998,-21.95018547199992,EPE - Projetos_Onshore - Projetos_Onshore1,onshore
471,145,Ribeirão,GESM - Geração de Energia Sul de Minas S.A.,Ribeirão das Furnas,180.0,-1861920000000.0,CGH.PH.MG.028019-4.01,52,HIDRO,16,SUDESTE,31,Minas Gerais,MG,586520.732,-44.84557073900001,-21.941451704,EPE - Projetos_Onshore - Projetos_Onshore1,onshore
472,110,Pirambeira,GESM - Geração de Energia Sul de Minas S.A.,Ribeirão das Furnas,528.0,-1356998400000.0,CGH.PH.MG.028018-6.01,153,HIDRO,16,SUDESTE,31,Minas Gerais,MG,586520.732,-44.79730790799998,-21.92768246499999,EPE - Projetos_Onshore - Projetos_Onshore1,onshore
473,270,Xicão,CEMIG Geração e Transmissão S.A.,Ribeirão Santa Cruz,1808.0,-883612800000.0,CGH.PH.MG.003059-7.02,524,HIDRO,16,SUDESTE,31,Minas Gerais,MG,586520.732,-45.47101120599991,-21.92413136299998,EPE - Projetos_Onshore - Projetos_Onshore1,onshore
474,1581,Simplício,Furnas Centrais Elétricas S.A.,Rio Paraíba do Sul,333700.0,1370390400000.0,UHE.PH.MG.029458-6.01,96725,HIDRO,16,SUDESTE,31,Minas Gerais,MG,586520.732,-42.79314838499994,-21.92074371199991,EPE - Projetos_Onshore - Projetos_Onshore1,onshore
475,1080,Guaimbê 5,100% para GUAIMBÉ V PARQUE SOLAR S.A. (PIE), ,30000.0,1523577600000.0,UFV.RS.SP.032330-6.01,8696,UFV,19,SUDESTE,35,São Paulo,SP,248219.627,-49.86512232699997,-21.90042536199999,EPE - Projetos_Onshore - Projetos_Onshore1,onshore
476,1079,Guaimbê 4,100% para GUAIMBÉ IV PARQUE SOLAR S.A. (PIE), ,30000.0,1524700800000.0,UFV.RS.SP.032329-2.01,8696,UFV,19,SUDESTE,35,São Paulo,SP,248219.627,-49.86137390899998,-21.897758983,EPE - Projetos_Onshore - Projetos_Onshore1,onshore
477,1078,Guaimbê 3,100% para GUAIMBÉ III PARQUE SOLAR S.A. (PIE), ,30000.0,1538524800000.0,UFV.RS.SP.032328-4.01,8696,UFV,19,SUDESTE,35,São Paulo,SP,248219.627,-49.87461938599999,-21.89637327399992,EPE - Projetos_Onshore - Projetos_Onshore1,onshore
478,1077,Guaimbê 2,100% para GUAIMBÉ II PARQUE SOLAR S.A. (PIE), ,30000.0,1517875200000.0,UFV.RS.SP.032327-6.01,8696,UFV,19,SUDESTE,35,São Paulo,SP,248219.627,-49.87073957999996,-21.89316653399989,EPE - Projetos_Onshore - Projetos_Onshore1,onshore
479,1076,Guaimbê 1,100% para GUAIMBÉ I PARQUE SOLAR S.A. (PIE), ,30000.0,1520899200000.0,UFV.RS.SP.032326-8.01,8696,UFV,19,SUDESTE,35,São Paulo,SP,248219.627,-49.86727847099993,-21.89124248799995,EPE - Projetos_Onshore - Projetos_Onshore1,onshore
480,1352,São Luiz,Abengoa Bioenergia Agroindústria Ltda., ,70400.0,934675200000.0,UTE.AI.SP.026869-0.01,20406,BIOMASSA,19,SUDESTE,35,São Paulo,SP,248219.627,-47.30533168399999,-21.88559823099994,EPE - Projetos_Onshore - Projetos_Onshore1,onshore
481,1563,Picada,Votorantim Metais Zinco S.A.,Rio do Peixe,50000.0,1151712000000.0,UHE.PH.MG.002053-2.01,14493,HIDRO,16,SUDESTE,31,Minas Gerais,MG,586520.732,-43.54083611099996,-21.88485833299992,EPE - Projetos_Onshore - Projetos_Onshore1,onshore
482,1423,UFA,Usina Alto Alegre S.A. Açúcar e Álcool, ,25200.0,1251849600000.0,UTE.AI.SP.028366-5.01,7304,BIOMASSA,19,SUDESTE,35,São Paulo,SP,248219.627,-51.26058333299996,-21.86566666699997,EPE - Projetos_Onshore - Projetos_Onshore1,onshore
483,1348,Eldorado,Usina Eldorado S.A., ,140000.0,1307145600000.0,UTE.AI.MS.029193-5.01,40580,BIOMASSA,22,CENTRO-OESTE,50,Mato Grosso do Sul,MS,357145.531,-54.02224829899993,-21.86474991099997,EPE - Projetos_Onshore - Projetos_Onshore1,onshore
484,254,Quilombo,Quilombo Energia S.A.,Ribeirão Quilombo,3000.0,1569888000000.0,CGH.PH.RJ.038155-1.01,870,HIDRO,18,SUDESTE,33,Rio de Janeiro,RJ,43781.588,-42.43552222200002,-21.86363333299995,EPE - Projetos_Onshore - Projetos_Onshore1,onshore
485,122,Cachoeira do Brumado,Berenice Ribeiro Machado e outros,Rio Brumado,2340.0,1267833600000.0,CGH.PH.MG.029723-2.02,678,HIDRO,16,SUDESTE,31,Minas Gerais,MG,586520.732,-43.89017664899992,-21.85123955799997,EPE - Projetos_Onshore - Projetos_Onshore1,onshore
486,1253,Clealco Queiroz,Clealco Açúcar e Álcool Ltda, ,45000.0,1270857600000.0,UTE.AI.SP.030036-5.01,13043,BIOMASSA,19,SUDESTE,35,São Paulo,SP,248219.627,-50.24723455399995,-21.85030966599995,EPE - Projetos_Onshore - Projetos_Onshore1,onshore
487,1401,Ferrari,Ferrari Termoelétrica S.A., ,80500.0,378691200000.0,UTE.AI.SP.028058-5.01,23333,BIOMASSA,19,SUDESTE,35,São Paulo,SP,248219.627,-47.36027980300001,-21.8449493209999,EPE - Projetos_Onshore - Projetos_Onshore1,onshore
488,1604,Paciência,CEMIG Geração Sul S.A.,Rio Paraibuna,4080.0,-2209161600000.0,UHE.PH.MG.001927-5.01,1183,HIDRO,16,SUDESTE,31,Minas Gerais,MG,586520.732,-43.33947619299991,-21.84467144199991,EPE - Projetos_Onshore - Projetos_Onshore1,onshore
489,1632,Ilha dos Pombos,Light Energia S.A.,Rio Paraíba do Sul,187169.0,-1451692800000.0,UHE.PH.RJ.001113-4.01,54252,HIDRO,18,SUDESTE,33,Rio de Janeiro,RJ,43781.588,-42.57944444399994,-21.84333333299995,EPE - Projetos_Onshore - Projetos_Onshore1,onshore
490,217,João Franco,Porto Energética Ltda.,Rio Machado,1000.0,1426464000000.0,CGH.PH.MG.029644-9.01,290,HIDRO,16,SUDESTE,31,Minas Gerais,MG,586520.732,-46.09219184499997,-21.83452691599997,EPE - Projetos_Onshore - Projetos_Onshore1,onshore
491,1250,Iacanga,Ipiranga Bioenergia Iacanga S.A., ,53000.0,1270598400000.0,UTE.AI.SP.029636-8.01,15362,BIOMASSA,19,SUDESTE,35,São Paulo,SP,248219.627,-49.01213104999995,-21.7971774989999,EPE - Projetos_Onshore - Projetos_Onshore1,onshore
492,1539,Joasal,CEMIG Geração Sul S.A.,Rio Paraibuna,8400.0,-615513600000.0,UHE.PH.MG.001255-6.02,2435,HIDRO,16,SUDESTE,31,Minas Gerais,MG,586520.732,-43.29685974999997,-21.79656082799995,EPE - Projetos_Onshore - Projetos_Onshore1,onshore
493,1382,Zanin,Bioenergia Araraquara Ltda., ,16000.0,410227200000.0,UTE.AI.SP.028325-8.01,4638,BIOMASSA,19,SUDESTE,35,São Paulo,SP,248219.627,-48.17444000099995,-21.7903600019999,EPE - Projetos_Onshore - Projetos_Onshore1,onshore
494,1716,Marmelos,CEMIG Geração Sul S.A.,Rio Paraibuna,4000.0,-1735689600000.0,UHE.PH.MG.001420-6.01,1159,HIDRO,16,SUDESTE,31,Minas Gerais,MG,586520.732,-43.31050463999998,-21.78704913999997,EPE - Projetos_Onshore - Projetos_Onshore1,onshore
495,1339,Vista Alegre II,Geração Bioeletricidade Vista Alegre II S.A., ,30000.0,1431993600000.0,UTE.AI.MS.031702-0.01,8696,BIOMASSA,22,CENTRO-OESTE,50,Mato Grosso do Sul,MS,357145.531,-55.57659709399998,-21.78022470299992,EPE - Projetos_Onshore - Projetos_Onshore1,onshore
496,1433,Vista Alegre I (Antiga Energética Vista Alegre),"Tonon Bioenergia S.A.,Geração BIomassa VIsta Alegre I S.A.", ,60000.0,1248998400000.0,UTE.AI.MS.029994-4.01,17391,BIOMASSA,22,CENTRO-OESTE,50,Mato Grosso do Sul,MS,357145.531,-55.57659709399998,-21.78022470299992,EPE - Projetos_Onshore - Projetos_Onshore1,onshore
497,218,Ubirajara Machado Moraes,DME Distribuição S.A.,Ribeirão das Antas,656.0,498528000000.0,CGH.PH.MG.027139-0.01,190,HIDRO,16,SUDESTE,31,Minas Gerais,MG,586520.732,-46.61514682399998,-21.77497113,EPE - Projetos_Onshore - Projetos_Onshore1,onshore
498,29,José Togni,DME Distribuição S.A.,Rio das Antas,607.75,591667200000.0,CGH.PH.MG.000298-4.01,176,HIDRO,16,SUDESTE,31,Minas Gerais,MG,586520.732,-46.60864098499992,-21.76818797299991,EPE - Projetos_Onshore - Projetos_Onshore1,onshore
499,1511,Pedro Affonso Junqueira (Antiga Antas I),DME Energética S.A,Rio das Antas,8780.0,-2209161600000.0,UHE.PH.MG.000109-0.01,2545,HIDRO,16,SUDESTE,31,Minas Gerais,MG,586520.732,-46.60781652899992,-21.76776267599999,EPE - Projetos_Onshore - Projetos_Onshore1,onshore
500,1536,Walter Rossi (Antiga Antas II),DME Distribuição S.A.,Rio Lambari,16500.0,899251200000.0,UHE.PH.MG.000110-4.01,4783,HIDRO,16,SUDESTE,31,Minas Gerais,MG,586520.732,-46.60499999999993,-21.76333333299996,EPE - Projetos_Onshore - Projetos_Onshore1,onshore
501,1726,Ibitinga,AES Tietê Energia S.A.,Rio Tietê,131490.0,-22118400000.0,UHE.PH.SP.001097-9.01,38113,HIDRO,19,SUDESTE,35,São Paulo,SP,248219.627,-48.99055599999997,-21.75916699999994,EPE - Projetos_Onshore - Projetos_Onshore1,onshore
502,1216,Santa Cruz AB (Antiga Ometto),Cia. Bioenergética Santa Cruz 1 S.A., ,86400.0,1242950400000.0,UTE.AI.SP.001609-8.01,25043,BIOMASSA,19,SUDESTE,35,São Paulo,SP,248219.627,-48.10660499700001,-21.73003694499996,EPE - Projetos_Onshore - Projetos_Onshore1,onshore
503,103,Pedacinho do Céu,CGH Pedacinho do Céu SPE Energia Elétrica Ltda.,Rio do Peixe,800.0,1372118400000.0,CGH.PH.MG.031265-7.01,232,HIDRO,16,SUDESTE,31,Minas Gerais,MG,586520.732,-46.20905387999994,-21.72991800999998,EPE - Projetos_Onshore - Projetos_Onshore1,onshore
504,1232,Passa Tempo,Biosev S/A, ,73800.0,988675200000.0,UTE.AI.MS.028111-5.01,21391,BIOMASSA,22,CENTRO-OESTE,50,Mato Grosso do Sul,MS,357145.531,-54.55732999999994,-21.69619999999999,EPE - Projetos_Onshore - Projetos_Onshore1,onshore
505,1319,Biolins,JBS S.A., ,72000.0,1267228800000.0,UTE.AI.SP.030125-6.01,20870,BIOMASSA,19,SUDESTE,35,São Paulo,SP,248219.627,-49.78065823099993,-21.67627752599997,EPE - Projetos_Onshore - Projetos_Onshore1,onshore
506,1238,Canabrava,Canabrava  Energética S.A., ,44000.0,1345593600000.0,UTE.AI.RJ.030066-7.01,12754,BIOMASSA,18,SUDESTE,33,Rio de Janeiro,RJ,43781.588,-41.39566455399991,-21.64912966599995,EPE - Projetos_Onshore - Projetos_Onshore1,onshore
507,1542,Rio do Peixe (Casa de Força I e II),CPFL Geração de Energia S.A.,Rio do Peixe,18060.0,-1420070400000.0,UHE.PH.SP.002353-1.01,5235,HIDRO,19,SUDESTE,35,São Paulo,SP,248219.627,-46.790440786,-21.627084785,EPE - Projetos_Onshore - Projetos_Onshore1,onshore
508,1692,Limoeiro (Armando Salles de Oliveira),AES Tietê S.A.,Rio Pardo,32000.0,-348451200000.0,UHE.PH.SP.001328-5.01,9275,HIDRO,19,SUDESTE,35,São Paulo,SP,248219.627,-47.00944399999997,-21.62527799999999,EPE - Projetos_Onshore - Projetos_Onshore1,onshore
509,1465,CTR Juiz de Fora,VALORGAS - ENERGIA E BIOGAS LTDA, ,4278.0,1375315200000.0,UTE.RU.MG.031206-1.01,1240,BIOMASSA,16,SUDESTE,31,Minas Gerais,MG,586520.732,-43.42172415399991,-21.61871947699992,EPE - Projetos_Onshore - Projetos_Onshore1,onshore
510,1570,Euclides da Cunha,AES Tietê Energia S.A.,Rio Pardo,108800.0,-286156800000.0,UHE.PH.SP.000923-7.01,31536,HIDRO,19,SUDESTE,35,São Paulo,SP,248219.627,-46.94916699999993,-21.60305599999995,EPE - Projetos_Onshore - Projetos_Onshore1,onshore
511,1828,Lins 07, , ,5010.0,,UFV.RS.SP.049932-3.01,1452,UFV,19,SUDESTE,35,São Paulo,SP,248219.627,-49.73188611099994,-21.59741389299995,EPE - Projetos_Onshore - Projetos_Onshore1,onshore
512,1830,Lins 08, , ,5010.0,,UFV.RS.SP.049933-1.01,1452,UFV,19,SUDESTE,35,São Paulo,SP,248219.627,-49.72855832999993,-21.59730555499995,EPE - Projetos_Onshore - Projetos_Onshore1,onshore
513,1827,Lins 01, , ,5010.0,,UFV.RS.SP.049926-9.01,1452,UFV,19,SUDESTE,35,São Paulo,SP,248219.627,-49.74483611199993,-21.59619166499989,EPE - Projetos_Onshore - Projetos_Onshore1,onshore
514,1833,Lins 06, , ,5010.0,,UFV.RS.SP.049931-5.01,1452,UFV,19,SUDESTE,35,São Paulo,SP,248219.627,-49.74483611199993,-21.59619166499989,EPE - Projetos_Onshore - Projetos_Onshore1,onshore
515,1831,Lins 02, , ,5010.0,,UFV.RS.SP.049927-7.01,1452,UFV,19,SUDESTE,35,São Paulo,SP,248219.627,-49.74161110899999,-21.59609444200002,EPE - Projetos_Onshore - Projetos_Onshore1,onshore
516,1832,Lins 03, , ,5010.0,,UFV.RS.SP.049928-5.01,1452,UFV,19,SUDESTE,35,São Paulo,SP,248219.627,-49.738444444,-21.59578888699996,EPE - Projetos_Onshore - Projetos_Onshore1,onshore
517,1826,Lins 04, , ,5010.0,,UFV.RS.SP.049929-3.01,1452,UFV,19,SUDESTE,35,São Paulo,SP,248219.627,-49.73518055799994,-21.59574444599993,EPE - Projetos_Onshore - Projetos_Onshore1,onshore
518,1829,Lins 05, , ,5010.0,,UFV.RS.SP.049930-7.01,1452,UFV,19,SUDESTE,35,São Paulo,SP,248219.627,-49.7317138879999,-21.59571944099999,EPE - Projetos_Onshore - Projetos_Onshore1,onshore
519,1635,Caconde,AES Tietê Energia S.A.,Rio Pardo,80400.0,-106099200000.0,UHE.PH.SP.000588-6.01,23304,HIDRO,19,SUDESTE,35,São Paulo,SP,248219.627,-46.62416666999995,-21.57666666999998,EPE - Projetos_Onshore - Projetos_Onshore1,onshore
520,790,Gargaú,Gargaú Energética S.A., ,28050.0,1288224000000.0,EOL.CV.RJ.028730-0.01,8130,EOL,18,SUDESTE,33,Rio de Janeiro,RJ,43781.588,-41.0731069189999,-21.56572196299991,EPE - Projetos_Onshore - Projetos_Onshore1,onshore
521,1275,Lucélia,Bioenergia do Brasil S/A, ,15700.0,1025481600000.0,UTE.AI.SP.027338-4.01,4551,BIOMASSA,19,SUDESTE,35,São Paulo,SP,248219.627,-50.959394554,-21.56486966599991,EPE - Projetos_Onshore - Projetos_Onshore1,onshore
522,1421,Equipav,Renuka do Brasil S.A., ,58400.0,1033430400000.0,UTE.AI.SP.028101-8.01,16928,BIOMASSA,19,SUDESTE,35,São Paulo,SP,248219.627,-49.86998663199992,-21.56073370799992,EPE - Projetos_Onshore - Projetos_Onshore1,onshore
523,1221,Equipav II,Renuka Geradora de Energia Elétrica Ltda., ,80000.0,1229644800000.0,UTE.AI.SP.029765-8.01,23188,BIOMASSA,19,SUDESTE,35,São Paulo,SP,248219.627,-49.86948456499995,-21.56020308899998,EPE - Projetos_Onshore - Projetos_Onshore1,onshore
524,121,Serrania,"Itaca Energia S.A., SM Geração de Energia Ltda.",Rio Muzambo,988.8,544233600000.0,CGH.PH.MG.029881-6.01,287,HIDRO,16,SUDESTE,31,Minas Gerais,MG,586520.732,-46.19075169499995,-21.55936598999991,EPE - Projetos_Onshore - Projetos_Onshore1,onshore
525,1397,Predilecta,Predilecta Alimentos Ltda., ,5000.0,1576800000000.0,UTE.FL.SP.035103-2.01,1449,BIOMASSA,19,SUDESTE,35,São Paulo,SP,248219.627,-48.52526672199994,-21.55075650499996,EPE - Projetos_Onshore - Projetos_Onshore1,onshore
526,1255,LDC Bioenergia Rio Brilhante (Antiga Louis Dreyfus Rio Brilhante),Biosev S/A, ,90000.0,1238630400000.0,UTE.AI.MS.029718-6.01,26087,BIOMASSA,22,CENTRO-OESTE,50,Mato Grosso do Sul,MS,357145.531,-54.70183455399999,-21.51390966599991,EPE - Projetos_Onshore - Projetos_Onshore1,onshore
527,1727,Piau,CEMIG Geração Sul S.A.,Rio Piau,18012.0,-473385600000.0,UHE.PH.MG.002052-4.01,5221,HIDRO,16,SUDESTE,31,Minas Gerais,MG,586520.732,-43.40264166699993,-21.489655,EPE - Projetos_Onshore - Projetos_Onshore1,onshore
528,1495,Branco Peres,Branco Peres Agro S.A., ,15000.0,1604016000000.0,UTE.AI.SP.027947-1.01,4348,BIOMASSA,19,SUDESTE,35,São Paulo,SP,248219.627,-51.02833333299996,-21.48777777799993,EPE - Projetos_Onshore - Projetos_Onshore1,onshore
529,1435,Rio Vermelho,Glencane Bioenergia S/A, ,40000.0,1402531200000.0,UTE.AI.SP.030543-0.01,11594,BIOMASSA,19,SUDESTE,35,São Paulo,SP,248219.627,-51.36043455399994,-21.48740966599994,EPE - Projetos_Onshore - Projetos_Onshore1,onshore
530,1228,São José da Estiva,UTE São José da Estiva S.A., ,42500.0,1383955200000.0,UTE.AI.SP.027814-9.01,12319,BIOMASSA,19,SUDESTE,35,São Paulo,SP,248219.627,-49.22175000099999,-21.46847499799994,EPE - Projetos_Onshore - Projetos_Onshore1,onshore
531,1451,Santa Isabel,Usina Santa Izabel S.A., ,46000.0,333936000000.0,UTE.AI.SP.028401-7.01,13333,BIOMASSA,19,SUDESTE,35,São Paulo,SP,248219.627,-49.22175000099999,-21.46847499799994,EPE - Projetos_Onshore - Projetos_Onshore1,onshore
532,1415,Santa Luzia I,Agro Energia Santa Luiza S.A ; OER Nova Alvorada Energia S.A, ,130000.0,1291248000000.0,UTE.AI.MS.030006-3.01,37681,BIOMASSA,22,CENTRO-OESTE,50,Mato Grosso do Sul,MS,357145.531,-54.38280388699994,-21.46663388799993,EPE - Projetos_Onshore - Projetos_Onshore1,onshore
533,1061,Dracena 1,100% para DRACENA I PARQUE SOLAR S.A. (PIE), ,27000.0,1566604800000.0,UFV.RS.SP.032312-8.01,7826,UFV,19,SUDESTE,35,São Paulo,SP,248219.627,-51.59443813199991,-21.46227350199992,EPE - Projetos_Onshore - Projetos_Onshore1,onshore
534,1062,Dracena 2,100% para DRACENA II PARQUE SOLAR S.A. (PIE), ,27000.0,1566604800000.0,UFV.RS.SP.032313-6.01,7826,UFV,19,SUDESTE,35,São Paulo,SP,248219.627,-51.59298814799993,-21.45752350299993,EPE - Projetos_Onshore - Projetos_Onshore1,onshore
535,1520,Barra do Braúna,Barra do Braúna Energética S.A.,Rio Pomba,39000.0,1261699200000.0,UHE.PH.MG.000215-1.01,11304,HIDRO,16,SUDESTE,31,Minas Gerais,MG,586520.732,-42.40463836199996,-21.45014184599997,EPE - Projetos_Onshore - Projetos_Onshore1,onshore
536,1063,Dracena 4,100% para DRACENA IV PARQUE SOLAR S.A. (PIE), ,27000.0,1566604800000.0,UFV.RS.SP.032315-2.01,7826,UFV,19,SUDESTE,35,São Paulo,SP,248219.627,-51.59002333999993,-21.44813057999991,EPE - Projetos_Onshore - Projetos_Onshore1,onshore
537,216,São Sebastião,CPFL Centrais Geradoras Ltda.,Rio Canoas,680.0,-1388620800000.0,CGH.PH.MG.028023-2.01,197,HIDRO,19,SUDESTE,35,São Paulo,SP,248219.627,-46.91722880199995,-21.42190570999996,EPE - Projetos_Onshore - Projetos_Onshore1,onshore
538,1834,Panorama 06, , ,5010.0,,UFV.RS.SP.049406-2.01,1452,UFV,19,SUDESTE,35,São Paulo,SP,248219.627,-51.79726666499997,-21.41923611599997,EPE - Projetos_Onshore - Projetos_Onshore1,onshore
539,1835,Panorama 03, , ,5010.0,,UFV.RS.SP.049403-8.01,1452,UFV,19,SUDESTE,35,São Paulo,SP,248219.627,-51.80068333299996,-21.41915833599993,EPE - Projetos_Onshore - Projetos_Onshore1,onshore
540,1392,Biogás Bonfim,Raízen Biogás Ltda., ,8955.0,1597190400000.0,UTE.AI.SP.035109-1.01,2596,BIOMASSA,19,SUDESTE,35,São Paulo,SP,248219.627,-48.29249666799999,-21.4189669469999,EPE - Projetos_Onshore - Projetos_Onshore1,onshore
541,1839,Panorama 02, , ,5010.0,,UFV.RS.SP.049402-0.01,1452,UFV,19,SUDESTE,35,São Paulo,SP,248219.627,-51.80076110999991,-21.41734721999991,EPE - Projetos_Onshore - Projetos_Onshore1,onshore
542,1841,Panorama 05, , ,5010.0,,UFV.RS.SP.049405-4.01,1452,UFV,19,SUDESTE,35,São Paulo,SP,248219.627,-51.79731944399998,-21.41733611199997,EPE - Projetos_Onshore - Projetos_Onshore1,onshore
543,1838,Panorama 07, , ,5010.0,,UFV.RS.SP.049407-0.01,1452,UFV,19,SUDESTE,35,São Paulo,SP,248219.627,-51.79435833199994,-21.41585277899998,EPE - Projetos_Onshore - Projetos_Onshore1,onshore
544,1840,Panorama 08, , ,5010.0,,UFV.RS.SP.049408-9.01,1452,UFV,19,SUDESTE,35,São Paulo,SP,248219.627,-51.79144443999999,-21.41568888599992,EPE - Projetos_Onshore - Projetos_Onshore1,onshore
545,1836,Panorama 04, , ,5010.0,,UFV.RS.SP.049404-6.01,1452,UFV,19,SUDESTE,35,São Paulo,SP,248219.627,-51.79734166899996,-21.41551944699994,EPE - Projetos_Onshore - Projetos_Onshore1,onshore
546,1837,Panorama 01, , ,5010.0,,UFV.RS.SP.049401-1.01,1452,UFV,19,SUDESTE,35,São Paulo,SP,248219.627,-51.800808333,-21.415461105,EPE - Projetos_Onshore - Projetos_Onshore1,onshore
547,1332,Usina Bonfim,Bioenergia Barra Ltda, ,111000.0,1276300800000.0,UTE.AI.SP.029665-1.01,32174,BIOMASSA,19,SUDESTE,35,São Paulo,SP,248219.627,-48.27863455399994,-21.41380966599996,EPE - Projetos_Onshore - Projetos_Onshore1,onshore
548,1483,Diana,Diana Bioenergia Avanhandava S.A., ,6000.0,962150400000.0,UTE.AI.SP.027890-4.01,1739,BIOMASSA,19,SUDESTE,35,São Paulo,SP,248219.627,-49.89350001899997,-21.401300207,EPE - Projetos_Onshore - Projetos_Onshore1,onshore
549,258,Dr. Tito 2,SM Geração de Energia Ltda.,Ribeirão da Onça,500.0,1428624000000.0,CGH.PH.MG.029661-9.01,145,HIDRO,16,SUDESTE,31,Minas Gerais,MG,586520.732,-46.92884586999996,-21.40053300599994,EPE - Projetos_Onshore - Projetos_Onshore1,onshore
550,1385,Guatapará,Guatapará Energia S.A., ,5704.0,1409270400000.0,UTE.RU.SP.031440-4.01,1653,BIOMASSA,19,SUDESTE,35,São Paulo,SP,248219.627,-47.95279194899999,-21.39215583099994,EPE - Projetos_Onshore - Projetos_Onshore1,onshore
551,1316,Usina Monte Alegre,Usina Monte Alegre Ltda., ,18500.0,1246924800000.0,UTE.AI.MG.029688-0.01,5362,BIOMASSA,16,SUDESTE,31,Minas Gerais,MG,586520.732,-46.24766547099998,-21.38492483799993,EPE - Projetos_Onshore - Projetos_Onshore1,onshore
552,1453,São Martinho,São Martinho S.A., ,73000.0,157766400000.0,UTE.AI.SP.026874-7.01,21159,BIOMASSA,19,SUDESTE,35,São Paulo,SP,248219.627,-48.06558305600001,-21.35804888899993,EPE - Projetos_Onshore - Projetos_Onshore1,onshore
553,1245,Rio Vermelho 2,Glencane Bioenergia S.A, ,40000.0,1418688000000.0,UTE.AI.SP.031793-4.01,11594,BIOMASSA,19,SUDESTE,35,São Paulo,SP,248219.627,-51.35639418599995,-21.35236942099995,EPE - Projetos_Onshore - Projetos_Onshore1,onshore
554,26,Santa Cleonice,RP Geradora de Energia Ltda.,Rio Canoas,440.3,1327622400000.0,CGH.PH.MG.029216-8.01,128,HIDRO,16,SUDESTE,31,Minas Gerais,MG,586520.732,-46.83363592299995,-21.34803214799999,EPE - Projetos_Onshore - Projetos_Onshore1,onshore
555,1398,Bioenergia Mococa,Ipiranga Bioenergia Mococa S.A., ,45000.0,1589500800000.0,UTE.AI.SP.040824-7.01,13043,BIOMASSA,19,SUDESTE,35,São Paulo,SP,248219.627,-47.15591937299994,-21.34320208899994,EPE - Projetos_Onshore - Projetos_Onshore1,onshore
556,1205,Rio Vermelho 3,Glencane Bioenergia S.A., ,20000.0,-2209161600000.0,UTE.AI.SP.035093-1.01,5797,BIOMASSA,19,SUDESTE,35,São Paulo,SP,248219.627,-51.36586179499993,-21.33969526599995,EPE - Projetos_Onshore - Projetos_Onshore1,onshore
557,1368,Santa Adélia,Termelétrica Santa Adélia Ltda, ,42000.0,1028160000000.0,UTE.AI.SP.027343-0.01,12174,BIOMASSA,19,SUDESTE,35,São Paulo,SP,248219.627,-48.29298455399994,-21.33718966599994,EPE - Projetos_Onshore - Projetos_Onshore1,onshore
558,226,Cajuru,Usina Hidrelétrica Rio Grande Ltda.,Rio Cubatão,606.4,-1449014400000.0,CGH.PH.SP.028719-9.01,176,HIDRO,19,SUDESTE,35,São Paulo,SP,248219.627,-47.29813236800002,-21.33254153999993,EPE - Projetos_Onshore - Projetos_Onshore1,onshore
559,1586,Camargos,CEMIG Geração e Transmissão S/A,Rio Grande,46000.0,-315619200000.0,UHE.PH.MG.000608-4.01,13333,HIDRO,16,SUDESTE,31,Minas Gerais,MG,586520.732,-44.61588358299996,-21.32534753499996,EPE - Projetos_Onshore - Projetos_Onshore1,onshore
560,1331,Univalem Bioenergia,Barra Bioenergia Ltda., ,45000.0,1343692800000.0,UTE.AI.SP.030264-3.01,13043,BIOMASSA,19,SUDESTE,35,São Paulo,SP,248219.627,-50.94941299999995,-21.32450477499995,EPE - Projetos_Onshore - Projetos_Onshore1,onshore
561,1759,Univalem, , ,35000.0,,UTE.AI.SP.030264-3.01,10145,BIOMASSA,19,SUDESTE,35,São Paulo,SP,248219.627,-50.94941305999996,-21.32450471999994,EPE - Projetos_Onshore - Projetos_Onshore1,onshore
562,1750,São Martinho Bioenergia, , ,40000.0,,UTE.AI.SP.032371-3.01,11594,BIOMASSA,19,SUDESTE,35,São Paulo,SP,248219.627,-48.1213486519999,-21.32324390099998,EPE - Projetos_Onshore - Projetos_Onshore1,onshore
563,1326,São Martinho Energia,São Martinho - Energia S.A, ,39500.0,1369440000000.0,UTE.AI.SP.030994-0.01,11449,BIOMASSA,19,SUDESTE,35,São Paulo,SP,248219.627,-48.10986231299996,-21.31738212799992,EPE - Projetos_Onshore - Projetos_Onshore1,onshore
564,80,Miguel Pereira,Zona da Mata Geração S.A.,Rio Pomba,736.0,-1262304000000.0,CGH.PH.MG.001462-1.01,213,HIDRO,16,SUDESTE,31,Minas Gerais,MG,586520.732,-42.93444984199991,-21.31716169999989,EPE - Projetos_Onshore - Projetos_Onshore1,onshore
565,1215,Paulicéia,Usina Caeté S.A., ,33750.0,1358553600000.0,UTE.AI.SP.030683-5.01,9783,BIOMASSA,19,SUDESTE,35,São Paulo,SP,248219.627,-51.84713999999994,-21.30927610999989,EPE - Projetos_Onshore - Projetos_Onshore1,onshore
566,247,Ituerê,Vale S.A.,Rio Pomba,4040.0,-1617408000000.0,CGH.PH.MG.001192-4.02,1171,HIDRO,16,SUDESTE,31,Minas Gerais,MG,586520.732,-43.20853604899996,-21.29936468299996,EPE - Projetos_Onshore - Projetos_Onshore1,onshore
567,1672,Promissão (Mário Lopes Leão),AES Tietê S.A.,Rio Tietê,264000.0,175737600000.0,UHE.PH.SP.002158-0.01,76522,HIDRO,19,SUDESTE,35,São Paulo,SP,248219.627,-49.7830559999999,-21.29611099999996,EPE - Projetos_Onshore - Projetos_Onshore1,onshore
568,1666,Itutinga,CEMIG Geração Itutinga S.A.,Rio Grande,52000.0,-473385600000.0,UHE.PH.MG.001197-5.01,15072,HIDRO,16,SUDESTE,31,Minas Gerais,MG,586520.732,-44.62332507399999,-21.29244519499996,EPE - Projetos_Onshore - Projetos_Onshore1,onshore
569,74,Ilhéus,Iguaçu Minas Energética Ltda.,Rio das Mortes,2560.0,-1612137600000.0,CGH.PH.MG.001122-3.02,742,HIDRO,16,SUDESTE,31,Minas Gerais,MG,586520.732,-43.88293166199998,-21.27253393699989,EPE - Projetos_Onshore - Projetos_Onshore1,onshore
570,199,Lavras,Iguaçu Minas Energética Ltda.,Rio das Mortes,1200.0,186624000000.0,CGH.PH.MG.028105-0.02,348,HIDRO,16,SUDESTE,31,Minas Gerais,MG,586520.732,-43.89719443099997,-21.24280163499999,EPE - Projetos_Onshore - Projetos_Onshore1,onshore
571,1273,Biopav II,Revati Geradora de Energia Elétrica Ltda., ,65000.0,1326153600000.0,UTE.AI.SP.030053-5.01,18841,BIOMASSA,19,SUDESTE,35,São Paulo,SP,248219.627,-50.20057525299998,-21.2146223889999,EPE - Projetos_Onshore - Projetos_Onshore1,onshore
572,1307,Colombo Ariranha 2,Usina Colombo S.A Açúcar e Álcool, ,40000.0,1430352000000.0,UTE.AI.SP.031112-0.01,11594,BIOMASSA,19,SUDESTE,35,São Paulo,SP,248219.627,-48.82803455399991,-21.21184299499988,EPE - Projetos_Onshore - Projetos_Onshore1,onshore
573,1320,Colombo Ariranha,Usina Colombo S/A - Açúcar e Álcool, ,105500.0,1267228800000.0,UTE.AI.SP.000796-0.01,30580,BIOMASSA,19,SUDESTE,35,São Paulo,SP,248219.627,-48.82963455399995,-21.21160966599994,EPE - Projetos_Onshore - Projetos_Onshore1,onshore
574,1270,Nardini,Nardini Agroindustrial Ltda, ,54000.0,757382400000.0,UTE.AI.SP.001528-8.01,15652,BIOMASSA,19,SUDESTE,35,São Paulo,SP,248219.627,-48.64470455399996,-21.18146966599997,EPE - Projetos_Onshore - Projetos_Onshore1,onshore
575,1278,Da Pedra,CPFL Bio Pedra Ltda., ,70000.0,1338422400000.0,UTE.AI.SP.030453-0.01,20290,BIOMASSA,19,SUDESTE,35,São Paulo,SP,248219.627,-47.62998515599996,-21.17427772599999,EPE - Projetos_Onshore - Projetos_Onshore1,onshore
576,1387,Usina da Pedra,Central Energética Rio Pardo S.A., ,35000.0,1054339200000.0,UTE.AI.SP.002019-2.01,10145,BIOMASSA,19,SUDESTE,35,São Paulo,SP,248219.627,-47.61886799099992,-21.17198178199991,EPE - Projetos_Onshore - Projetos_Onshore1,onshore
577,1369,Fartura,Usina Santa Isabel S.A., ,62000.0,1158969600000.0,UTE.AI.SP.029203-6.01,17971,BIOMASSA,19,SUDESTE,35,São Paulo,SP,248219.627,-49.61139999499997,-21.15280000199989,EPE - Projetos_Onshore - Projetos_Onshore1,onshore
578,1662,Funil,Aliança Geração de Energia S.A.,Rio Grande,180000.0,1041206400000.0,UHE.PH.MG.001006-5.01,52174,HIDRO,16,SUDESTE,31,Minas Gerais,MG,586520.732,-45.03614405299993,-21.14294205799994,EPE - Projetos_Onshore - Projetos_Onshore1,onshore
579,234,Santa Cecília,Zona da Mata Geração S.A.,Ribeirão Bom Sucesso,424.0,-631152000000.0,CGH.PH.MG.027928-5.01,123,HIDRO,16,SUDESTE,31,Minas Gerais,MG,586520.732,-42.604505978,-21.14183280399991,EPE - Projetos_Onshore - Projetos_Onshore1,onshore
580,1210,Citrovita Catanduva,Citrosuco S.A  Agroindústria., ,19824.0,1299801600000.0,UTE.AI.SP.029572-8.01,5746,BIOMASSA,19,SUDESTE,35,São Paulo,SP,248219.627,-48.96353455400002,-21.13400966599993,EPE - Projetos_Onshore - Projetos_Onshore1,onshore
581,195,Pinheirinho,CPFL Centrais Geradoras Ltda.,Ribeirão do Pinheirinho,636.0,-1830470400000.0,CGH.PH.MG.002065-6.01,184,HIDRO,16,SUDESTE,31,Minas Gerais,MG,586520.732,-47.04093091399992,-21.12874183899989,EPE - Projetos_Onshore - Projetos_Onshore1,onshore
582,1356,São Francisco,Usina São Francisco S/A, ,25200.0,536457600000.0,UTE.AI.SP.027335-0.01,7304,BIOMASSA,19,SUDESTE,35,São Paulo,SP,248219.627,-48.009376886,-21.12346449599996,EPE - Projetos_Onshore - Projetos_Onshore1,onshore
583,1676,Nova Avanhandava (Rui Barbosa),AES Tietê S.A.,Rio Tietê,347400.0,409104000000.0,UHE.PH.SP.001552-0.01,0,HIDRO,19,SUDESTE,35,São Paulo,SP,248219.627,-50.201111,-21.11888899999992,EPE - Projetos_Onshore - Projetos_Onshore1,onshore
584,1442,Santo Antônio,Usina Santo Antônio S/A, ,23000.0,631152000000.0,UTE.AI.SP.028344-4.01,6667,BIOMASSA,19,SUDESTE,35,São Paulo,SP,248219.627,-47.95136455399992,-21.11628966599997,EPE - Projetos_Onshore - Projetos_Onshore1,onshore
585,1456,Santa Elisa - Unidade I,Biosev Bioenergia S/A, ,58000.0,1030492800000.0,UTE.AI.SP.028232-4.01,16812,BIOMASSA,19,SUDESTE,35,São Paulo,SP,248219.627,-48.06798455399993,-21.10566966599994,EPE - Projetos_Onshore - Projetos_Onshore1,onshore
586,1274,Ipê (Antiga Ceni),CENI - Central Energética Nova Independência S.A. e CPFL Bio Ipê Ltda., ,25000.0,1337212800000.0,UTE.AI.SP.030268-6.01,7246,BIOMASSA,19,SUDESTE,35,São Paulo,SP,248219.627,-51.48213455399998,-21.10037466599997,EPE - Projetos_Onshore - Projetos_Onshore1,onshore
587,1360,Potirendaba (Antiga Cerradinho Potirendaba),Noble Brasil S/A, ,40200.0,1217548800000.0,UTE.AI.SP.029655-4.01,11652,BIOMASSA,19,SUDESTE,35,São Paulo,SP,248219.627,-49.31767555399997,-21.09992466599995,EPE - Projetos_Onshore - Projetos_Onshore1,onshore
588,1484,BVE (Antiga Ceni),BVE - Bela Vista Energética S.A, ,30000.0,1521763200000.0,UTE.AI.SP.037341-9.01,8696,BIOMASSA,19,SUDESTE,35,São Paulo,SP,248219.627,-51.40821190499995,-21.099113647,EPE - Projetos_Onshore - Projetos_Onshore1,onshore
589,1304,São Domingos,Usina São Domingos - Áçúcar e Álcool S.A., ,12000.0,631152000000.0,UTE.AI.SP.027867-0.01,3478,BIOMASSA,19,SUDESTE,35,São Paulo,SP,248219.627,-49.02051194299999,-21.09830805499995,EPE - Projetos_Onshore - Projetos_Onshore1,onshore
590,1426,Catanduva (Antiga Cerradinho),Noble Brasil S.A., ,75000.0,1001894400000.0,UTE.AI.SP.028042-9.01,21739,BIOMASSA,19,SUDESTE,35,São Paulo,SP,248219.627,-48.93353455399991,-21.09656522199999,EPE - Projetos_Onshore - Projetos_Onshore1,onshore
591,1366,Pitangueiras,Pitangueiras Açúcar e Álcool Ltda., ,70000.0,1020297600000.0,UTE.AI.SP.028859-4.01,20290,BIOMASSA,19,SUDESTE,35,São Paulo,SP,248219.627,-48.26262373299991,-21.05223465999998,EPE - Projetos_Onshore - Projetos_Onshore1,onshore
592,1467,Da Mata,Da Mata S.A. Açúcar e Álcool, ,50000.0,1417046400000.0,UTE.AI.SP.029774-7.01,14493,BIOMASSA,19,SUDESTE,35,São Paulo,SP,248219.627,-50.84410832899994,-21.05089555099993,EPE - Projetos_Onshore - Projetos_Onshore1,onshore
593,1357,Da Mata 2,Da Mata S.A. – Açúcar e Álcool, ,70000.0,1468368000000.0,UTE.AI.SP.035773-1.01,20290,BIOMASSA,19,SUDESTE,35,São Paulo,SP,248219.627,-50.84391663999998,-21.0506944439999,EPE - Projetos_Onshore - Projetos_Onshore1,onshore
594,1321,Ruette,Antônio Ruette Agroindustrial Ltda, ,28000.0,1149206400000.0,UTE.AI.SP.027345-7.01,8116,BIOMASSA,19,SUDESTE,35,São Paulo,SP,248219.627,-48.71079455399993,-21.04088966599991,EPE - Projetos_Onshore - Projetos_Onshore1,onshore
595,1508,Glória,Companhia Vale do Rio Doce,Rio Glória,13800.0,410227200000.0,UHE.PH.MG.001034-0.01,4000,HIDRO,16,SUDESTE,31,Minas Gerais,MG,586520.732,-42.329003363,-21.03986922499995,EPE - Projetos_Onshore - Projetos_Onshore1,onshore
596,189,Antônio Prado,Antônio Prado Energia S.A.,Rio Gavião,1000.0,1504224000000.0,CGH.PH.MG.031618-0.01,290,HIDRO,16,SUDESTE,31,Minas Gerais,MG,586520.732,-42.19971952899996,-21.02860013199995,EPE - Projetos_Onshore - Projetos_Onshore1,onshore
597,93,Pirapanema,Pirapanema Energia S.A.,Rio Fumaça,1260.0,1362009600000.0,CGH.PH.MG.031051-4.01,365,HIDRO,16,SUDESTE,31,Minas Gerais,MG,586520.732,-42.43272476999992,-21.02328049899998,EPE - Projetos_Onshore - Projetos_Onshore1,onshore
598,31,Limeira,Limeira Energia S.A.,Rio Fumaça,1260.0,1338163200000.0,CGH.PH.MG.030866-8.01,365,HIDRO,16,SUDESTE,31,Minas Gerais,MG,586520.732,-42.46070948899991,-21.01398510399995,EPE - Projetos_Onshore - Projetos_Onshore1,onshore
599,1618,Coronel Domiciano,CEMIG Geração Sul S.A.,Rio Fumaça,5040.0,-2209161600000.0,UHE.PH.MG.000838-9.01,1461,HIDRO,16,SUDESTE,31,Minas Gerais,MG,586520.732,-42.44805612199995,-21.01346385799999,EPE - Projetos_Onshore - Projetos_Onshore1,onshore
600,1754,Bazan, , ,61300.0,,UTE.AI.SP.027835-1.01,17768,BIOMASSA,19,SUDESTE,35,São Paulo,SP,248219.627,-47.99237472199992,-21.00967222199997,EPE - Projetos_Onshore - Projetos_Onshore1,onshore
601,1311,Ibitiúva Bioenergética (Antiga Destilaria Andrade),Ibitiúva Bioenergética S.A.; Andrade Açúcar e Álcool S.A., ,33000.0,536457600000.0,UTE.AI.SP.027768-1.01,9565,BIOMASSA,19,SUDESTE,35,São Paulo,SP,248219.627,-48.27609011,-21.00128744299997,EPE - Projetos_Onshore - Projetos_Onshore1,onshore
602,1233,Bortolo Carolo,Usina Carolo S.A. - Açúcar e Álcool, ,11000.0,757382400000.0,UTE.AI.SP.027339-2.01,3188,BIOMASSA,19,SUDESTE,35,São Paulo,SP,248219.627,-48.02481713199997,-21.00071944799996,EPE - Projetos_Onshore - Projetos_Onshore1,onshore
603,1459,Fibria MSII,Fibria-MS Celulose Sul Mato-Grossense Ltda., ,269580.0,1509148800000.0,UTE.FL.MS.037624-8.01,78139,BIOMASSA,22,CENTRO-OESTE,50,Mato Grosso do Sul,MS,357145.531,-51.79610813699995,-20.99610813699998,EPE - Projetos_Onshore - Projetos_Onshore1,onshore
604,1353,Fibria MS (Antiga VCP MS),Suzano Papel e Celulose S.A., ,175100.0,1239062400000.0,UTE.FL.MS.029694-5.01,50754,BIOMASSA,22,CENTRO-OESTE,50,Mato Grosso do Sul,MS,357145.531,-51.79697305099992,-20.99525167399999,EPE - Projetos_Onshore - Projetos_Onshore1,onshore
605,1749,Planalto Bioenergia, , ,50000.0,,UTE.AI.SP.037515-2.01,14493,BIOMASSA,19,SUDESTE,35,São Paulo,SP,248219.627,-49.89519163399996,-20.98828767499995,EPE - Projetos_Onshore - Projetos_Onshore1,onshore
606,1755,Bela Vista, , ,75000.0,,UTE.AI.SP.027917-0.01,21739,BIOMASSA,19,SUDESTE,35,São Paulo,SP,248219.627,-48.083386111,-20.943662778,EPE - Projetos_Onshore - Projetos_Onshore1,onshore
607,1406,Viralcool,Viralcool - Açúcar e Álcool Ltda., ,43000.0,410227200000.0,UTE.AI.SP.003035-0.01,12464,BIOMASSA,19,SUDESTE,35,São Paulo,SP,248219.627,-48.25026516599992,-20.93854715999995,EPE - Projetos_Onshore - Projetos_Onshore1,onshore
608,1354,Virálcool 2,Virálcool Açúcar e Álcool Ltda., ,30000.0,1363996800000.0,UTE.AI.SP.030851-0.01,8696,BIOMASSA,19,SUDESTE,35,São Paulo,SP,248219.627,-48.25277658799997,-20.93750119,EPE - Projetos_Onshore - Projetos_Onshore1,onshore
609,1606,Ervália,CEMIG Geração Leste S.A.,Rio dos Bagres,6970.0,-2209161600000.0,UHE.PH.MG.027034-2.01,2020,HIDRO,16,SUDESTE,31,Minas Gerais,MG,586520.732,-42.65990899799991,-20.91814193299995,EPE - Projetos_Onshore - Projetos_Onshore1,onshore
610,1700,Rosal,Rosal Energia S.A.,Rio Itabapoana,55000.0,948153600000.0,UHE.PH.ES.002553-4.01,15942,HIDRO,17,SUDESTE,32,Espirito Santo,ES,46086.907,-41.72192365299995,-20.91713546399999,EPE - Projetos_Onshore - Projetos_Onshore1,onshore
611,1700,Rosal,Rosal Energia S.A.,Rio Itabapoana,55000.0,948153600000.0,UHE.PH.ES.002553-4.01,15942,HIDRO,18,SUDESTE,33,Rio de Janeiro,RJ,43781.588,-41.72192365299995,-20.91713546399999,EPE - Projetos_Onshore - Projetos_Onshore1,onshore
612,1262,Viralcool Castilho,Viralcool  - Açúcar e Álcool Ltda., ,50000.0,1151280000000.0,UTE.AI.SP.030445-0.01,14493,BIOMASSA,19,SUDESTE,35,São Paulo,SP,248219.627,-51.544056809,-20.91015419599994,EPE - Projetos_Onshore - Projetos_Onshore1,onshore
613,240,Miradouro,Miradouro Energia S.A.,Ribeirão do Alegre,1260.0,1330300800000.0,CGH.PH.MG.030847-1.01,365,HIDRO,16,SUDESTE,31,Minas Gerais,MG,586520.732,-42.35500000299989,-20.86528120599998,EPE - Projetos_Onshore - Projetos_Onshore1,onshore
614,266,Anil,CEMIG Geração e Transmissão S.A.,Rio Jacaré,2056.0,-184204800000.0,CGH.PH.MG.000103-1.02,596,HIDRO,16,SUDESTE,31,Minas Gerais,MG,586520.732,-45.06023333599992,-20.81871261099997,EPE - Projetos_Onshore - Projetos_Onshore1,onshore
615,1660,Santana,Votorantim Cimentos S.A.,Rio Santana,650.0,-1861920000000.0,UHE.PH.MG.027126-8.01,188,HIDRO,16,SUDESTE,31,Minas Gerais,MG,586520.732,-46.810555155,-20.81289208999995,EPE - Projetos_Onshore - Projetos_Onshore1,onshore
616,1682,São João,Votorantim Cimentos S.A.,Rio São João,3200.0,-2209161600000.0,UHE.PH.MG.027195-0.01,928,HIDRO,16,SUDESTE,31,Minas Gerais,MG,586520.732,-46.70889556799997,-20.80728766299996,EPE - Projetos_Onshore - Projetos_Onshore1,onshore
617,214,Santa Bárbara,Santa Bárbara Energia S.A.,Ribeirão Pai Inácio,1100.0,1382659200000.0,CGH.PH.MG.031277-0.01,319,HIDRO,16,SUDESTE,31,Minas Gerais,MG,586520.732,-42.36364530499996,-20.80635728299998,EPE - Projetos_Onshore - Projetos_Onshore1,onshore
618,1584,Monte Alto,Votorantim Cimentos S.A.,Rio São João,7360.0,-2209161600000.0,UHE.PH.MG.001489-3.01,2133,HIDRO,16,SUDESTE,31,Minas Gerais,MG,586520.732,-46.72243018099992,-20.78236442699997,EPE - Projetos_Onshore - Projetos_Onshore1,onshore
619,1241,MB,Biosev Bioenergia S/A, ,16400.0,315532800000.0,UTE.AI.SP.001449-4.01,4754,BIOMASSA,19,SUDESTE,35,São Paulo,SP,248219.627,-48.19187455399999,-20.77865966599995,EPE - Projetos_Onshore - Projetos_Onshore1,onshore
620,1555,Jupiá (Eng° Souza Dias),Rio Paraná Energia S.A.,Rio Paraná,1551200.0,-22636800000.0,UHE.PH.SP.001282-3.01,0,HIDRO,22,CENTRO-OESTE,50,Mato Grosso do Sul,MS,357145.531,-51.62666699999996,-20.77583300000002,EPE - Projetos_Onshore - Projetos_Onshore1,onshore
621,287,Santa Luzia,Enervix - Energias do Espírito Santo Ltda.,Rio Concórdia,1512.0,1616803200000.0,CGH.PH.ES.038158-6.01,438,HIDRO,17,SUDESTE,32,Espirito Santo,ES,46086.907,-40.98751668399993,-20.77358997799997,EPE - Projetos_Onshore - Projetos_Onshore1,onshore
622,1280,Gasa,Bioenergia Gasa Ltda., ,78000.0,820454400000.0,UTE.AI.SP.027950-1.01,22609,BIOMASSA,19,SUDESTE,35,São Paulo,SP,248219.627,-51.25869989499991,-20.76989996199992,EPE - Projetos_Onshore - Projetos_Onshore1,onshore
623,1206,Cevasa,Central Energética Vale do Sapucaí Ltda, ,54000.0,1141171200000.0,UTE.AI.SP.028458-0.01,15652,BIOMASSA,19,SUDESTE,35,São Paulo,SP,248219.627,-47.42183455399999,-20.74780966599995,EPE - Projetos_Onshore - Projetos_Onshore1,onshore
624,1290,Pioneiros II,Pioneiros Bioenergia S.A; Pioneiros Termoelétrica Ilha Solteira S.A., ,35000.0,1380240000000.0,UTE.AI.SP.029642-2.01,10145,BIOMASSA,19,SUDESTE,35,São Paulo,SP,248219.627,-50.95253455399995,-20.72628744399999,EPE - Projetos_Onshore - Projetos_Onshore1,onshore
625,1226,Guarani Cruz Alta 2,Tereos Açúcar e Energia Brasil S.A., ,25000.0,1574294400000.0,UTE.AI.SP.033380-8.01,7246,BIOMASSA,19,SUDESTE,35,São Paulo,SP,248219.627,-49.11047972199995,-20.6885588879999,EPE - Projetos_Onshore - Projetos_Onshore1,onshore
626,1396,Guarani Cruz Alta,Tereos Açúcar e Energia Brasil S.A., ,64800.0,382838400000.0,UTE.AI.SP.027796-7.01,18783,BIOMASSA,19,SUDESTE,35,São Paulo,SP,248219.627,-49.11125,-20.68838000099993,EPE - Projetos_Onshore - Projetos_Onshore1,onshore
627,1522,Assis Chateaubriand(Antiga Salto Mimoso),Pantanal Energética Ltda.,Rio Pardo,29500.0,-7948800000.0,UHE.PH.MS.028012-7.01,8551,HIDRO,22,CENTRO-OESTE,50,Mato Grosso do Sul,MS,357145.531,-53.56756111099996,-20.67527499999991,EPE - Projetos_Onshore - Projetos_Onshore1,onshore
628,1601,Furnas,Furnas Centrais Elétricas S/A.,Rio Grande,1216000.0,-199670400000.0,UHE.PH.MG.001007-3.01,0,HIDRO,16,SUDESTE,31,Minas Gerais,MG,586520.732,-46.31825381899991,-20.6692034499999,EPE - Projetos_Onshore - Projetos_Onshore1,onshore
629,1694,Três Irmãos,Tijoa Participações e Investimentos S.A.,Rio Tietê,807500.0,754444800000.0,UHE.PH.SP.002873-8.01,0,HIDRO,19,SUDESTE,35,São Paulo,SP,248219.627,-51.2997711629999,-20.66867695999995,EPE - Projetos_Onshore - Projetos_Onshore1,onshore
630,1309,Pioneiros,"Pioneiros Bioenergia S/A., Pioneiros Termoelétrica Sud Menucci S.A", ,42000.0,1151712000000.0,UTE.AI.SP.028047-0.01,12174,BIOMASSA,19,SUDESTE,35,São Paulo,SP,248219.627,-50.90093999999993,-20.66681999999996,EPE - Projetos_Onshore - Projetos_Onshore1,onshore
631,1301,São José Colina,Companhia Energética São José, ,83000.0,1222128000000.0,UTE.AI.SP.028975-2.01,24058,BIOMASSA,19,SUDESTE,35,São Paulo,SP,248219.627,-48.53388888899996,-20.66194444399996,EPE - Projetos_Onshore - Projetos_Onshore1,onshore
632,1180,Pereira Barreto I,Central Solar Pereira Barreto I S.A., ,41895.0,1634256000000.0,UFV.RS.SP.034361-7.01,12143,UFV,19,SUDESTE,35,São Paulo,SP,248219.627,-51.302895,-20.62783399999993,EPE - Projetos_Onshore - Projetos_Onshore1,onshore
633,1170,Pereira Barreto II,Central Solar Pereira Barreto II S.A., ,41895.0,1634256000000.0,UFV.RS.SP.034362-5.01,12143,UFV,19,SUDESTE,35,São Paulo,SP,248219.627,-51.29154450000001,-20.62503499999998,EPE - Projetos_Onshore - Projetos_Onshore1,onshore
634,1173,Pereira Barreto III,Central Solar Pereira Barreto III S.A., ,41895.0,1634256000000.0,UFV.RS.SP.034363-3.01,12143,UFV,19,SUDESTE,35,São Paulo,SP,248219.627,-51.29579525,-20.61942799999995,EPE - Projetos_Onshore - Projetos_Onshore1,onshore
635,1184,Pereira Barreto IV,Central Solar Pereira Barreto IV S.A., ,41895.0,1634256000000.0,UFV.RS.SP.034364-1.01,12143,UFV,19,SUDESTE,35,São Paulo,SP,248219.627,-51.29196411100001,-20.61353699999995,EPE - Projetos_Onshore - Projetos_Onshore1,onshore
636,1266,Vale do Rosário,Biosev Bioenergia S.A., ,97000.0,770428800000.0,UTE.AI.SP.002958-0.01,28116,BIOMASSA,19,SUDESTE,35,São Paulo,SP,248219.627,-48.00080786999993,-20.61331879099993,EPE - Projetos_Onshore - Projetos_Onshore1,onshore
637,1168,Pereira Barreto V,Central Solar Pereira Barreto V S.A., ,35910.0,1637366400000.0,UFV.RS.SP.034365-0.01,10409,UFV,19,SUDESTE,35,São Paulo,SP,248219.627,-51.29577483299991,-20.60885099999992,EPE - Projetos_Onshore - Projetos_Onshore1,onshore
638,1363,Eldorado Brasil,Eldorado Brasil Celulose S.A., ,214103.0,1378944000000.0,UTE.FL.MS.030583-9.01,62059,BIOMASSA,22,CENTRO-OESTE,50,Mato Grosso do Sul,MS,357145.531,-51.6095984209999,-20.59878472699997,EPE - Projetos_Onshore - Projetos_Onshore1,onshore
639,1222,Noroeste Paulista,Noble Brasil S.A., ,60000.0,1259280000000.0,UTE.AI.SP.029775-5.01,17391,BIOMASSA,19,SUDESTE,35,São Paulo,SP,248219.627,-49.94241510899997,-20.58104577499996,EPE - Projetos_Onshore - Projetos_Onshore1,onshore
640,1288,Noble Energia,Noble Brasil S.A., ,30000.0,1263600000000.0,UTE.AI.SP.030004-7.01,8696,BIOMASSA,19,SUDESTE,35,São Paulo,SP,248219.627,-49.94241510899997,-20.58104577499996,EPE - Projetos_Onshore - Projetos_Onshore1,onshore
641,235,Anjos,Anjos Energética Ltda.,Rio Bacalhau,831.0,1346025600000.0,CGH.PH.MG.031130-8.01,241,HIDRO,16,SUDESTE,31,Minas Gerais,MG,586520.732,-43.0200414249999,-20.55938088799992,EPE - Projetos_Onshore - Projetos_Onshore1,onshore
642,1533,Brecha,Novelis do Brasil Ltda.,Rio Piranga,12400.0,-378691200000.0,UHE.PH.MG.000315-8.01,3594,HIDRO,16,SUDESTE,31,Minas Gerais,MG,586520.732,-42.95918358299994,-20.54528268299996,EPE - Projetos_Onshore - Projetos_Onshore1,onshore
643,1355,Interlagos,Termoelétrica Interlagos Ltda, ,40000.0,1180569600000.0,UTE.AI.SP.029461-6.01,11594,BIOMASSA,19,SUDESTE,35,São Paulo,SP,248219.627,-51.23453455399993,-20.52648188799993,EPE - Projetos_Onshore - Projetos_Onshore1,onshore
644,124,Salto,Maynart Energética Ltda.,Rio Maynart,4505.0,-915926400000.0,CGH.PH.MG.027719-3.02,1306,HIDRO,16,SUDESTE,31,Minas Gerais,MG,586520.732,-43.45055555599996,-20.49416666699993,EPE - Projetos_Onshore - Projetos_Onshore1,onshore
645,1376,Guarani Tanabi,Guarani S.A., ,38000.0,382838400000.0,UTE.AI.SP.030095-0.01,11014,BIOMASSA,19,SUDESTE,35,São Paulo,SP,248219.627,-49.53904794599994,-20.48622531399993,EPE - Projetos_Onshore - Projetos_Onshore1,onshore
646,1394,Guarani Tanabi 2,Guarani S.A, ,34000.0,1437523200000.0,UTE.AI.SP.031445-5.01,9855,BIOMASSA,19,SUDESTE,35,São Paulo,SP,248219.627,-49.53904794599994,-20.48622531399993,EPE - Projetos_Onshore - Projetos_Onshore1,onshore
647,1347,Alta Mogiana,Usina Alta Mogiana S.A. Açúcar e Álcool., ,71000.0,765158400000.0,UTE.AI.SP.000060-4.01,20580,BIOMASSA,19,SUDESTE,35,São Paulo,SP,248219.627,-47.866224554,-20.48184966599991,EPE - Projetos_Onshore - Projetos_Onshore1,onshore
648,1247,Mandu,Guarani S.A., ,90000.0,1150675200000.0,UTE.AI.SP.027787-8.01,26087,BIOMASSA,19,SUDESTE,35,São Paulo,SP,248219.627,-48.40153455399998,-20.47900966599994,EPE - Projetos_Onshore - Projetos_Onshore1,onshore
649,1492,Central Energética Alta Mogiana,Central Energética Alta Mogiana S.A., ,50000.0,1628726400000.0,UTE.AI.SP.049301-5.01,14493,BIOMASSA,19,SUDESTE,35,São Paulo,SP,248219.627,-47.88305555599994,-20.47805555599996,EPE - Projetos_Onshore - Projetos_Onshore1,onshore
650,171,Cachoeira dos Prazeres,Maynart Energética Ltda.,Rio Maynart,3757.5,-599616000000.0,CGH.PH.MG.000526-6.02,1089,HIDRO,16,SUDESTE,31,Minas Gerais,MG,586520.732,-43.44694672399997,-20.47701773799998,EPE - Projetos_Onshore - Projetos_Onshore1,onshore
651,1294,Mogiana Bio-Energia,Usina Alta Mogiana S.A. Açúcar e Álcool, ,33000.0,1330560000000.0,UTE.AI.SP.030447-6.01,9565,BIOMASSA,19,SUDESTE,35,São Paulo,SP,248219.627,-47.87488284299998,-20.47239048200001,EPE - Projetos_Onshore - Projetos_Onshore1,onshore
652,1121,Brisas Suaves,100% para UFV BRISAS SUAVES SPE LTDA (PIE), ,5000.0,1583798400000.0,UFV.RS.SP.034107-0.01,1449,UFV,19,SUDESTE,35,São Paulo,SP,248219.627,-50.01952006799996,-20.46287206399991,EPE - Projetos_Onshore - Projetos_Onshore1,onshore
653,1541,Muniz Freire,Samarco Mineração S.A.,Rio Pardo,25000.0,852076800000.0,UHE.PH.ES.001518-0.01,7246,HIDRO,17,SUDESTE,32,Espirito Santo,ES,46086.907,-41.479230554,-20.45684458499991,EPE - Projetos_Onshore - Projetos_Onshore1,onshore
654,143,Brito,Brito Energética Ltda.,Rio Piranga,2900.0,-1451692800000.0,CGH.PH.MG.000318-2.02,841,HIDRO,16,SUDESTE,31,Minas Gerais,MG,586520.732,-43.00609273999997,-20.45400800399995,EPE - Projetos_Onshore - Projetos_Onshore1,onshore
655,257,Energia Maia Ltda,Energia Maia Ltda.,Ribeirão das Botas,600.0,1411430400000.0,CGH.PH.MS.030049-7.01,174,HIDRO,22,CENTRO-OESTE,50,Mato Grosso do Sul,MS,357145.531,-54.39409762799993,-20.42493722499999,EPE - Projetos_Onshore - Projetos_Onshore1,onshore
656,1400,Guaíra  Energética,Central Energética Guaíra Ltda., ,55000.0,1276128000000.0,UTE.AI.SP.030026-8.01,15942,BIOMASSA,19,SUDESTE,35,São Paulo,SP,248219.627,-48.21139999999994,-20.41840000099991,EPE - Projetos_Onshore - Projetos_Onshore1,onshore
657,1204,Vale do Paraná,UTE Vale do Paraná Albioma S.A., ,48500.0,-2209161600000.0,UTE.AI.SP.035073-7.01,14058,BIOMASSA,19,SUDESTE,35,São Paulo,SP,248219.627,-51.02916666599999,-20.40611111399991,EPE - Projetos_Onshore - Projetos_Onshore1,onshore
658,1390,Vertente,Usina Vertente Ltda., ,53000.0,1117584000000.0,UTE.AI.SP.029270-2.01,15362,BIOMASSA,19,SUDESTE,35,São Paulo,SP,248219.627,-48.99113455399997,-20.40150966599995,EPE - Projetos_Onshore - Projetos_Onshore1,onshore
659,20,Santa Izabel,Usina Hidrelétrica Santa Izabel Ltda.,Ribeirão das Botas,1000.0,1253404800000.0,CGH.PH.MS.029430-6.01,290,HIDRO,22,CENTRO-OESTE,50,Mato Grosso do Sul,MS,357145.531,-54.44433524599994,-20.39991022499995,EPE - Projetos_Onshore - Projetos_Onshore1,onshore
660,1486,Onça Pintada,Eldorado Brasil Celulose S.A., ,50000.0,1619136000000.0,UTE.FL.MS.035085-0.01,14493,BIOMASSA,22,CENTRO-OESTE,50,Mato Grosso do Sul,MS,357145.531,-51.42583333299992,-20.38388888899994,EPE - Projetos_Onshore - Projetos_Onshore1,onshore
661,1702,Ilha Solteira,Rio Parná Energia S.A.,Rio Paraná,3444000.0,111801600000.0,UHE.PH.SP.001120-7.01,0,HIDRO,22,CENTRO-OESTE,50,Mato Grosso do Sul,MS,357145.531,-51.36361099999995,-20.38222199999996,EPE - Projetos_Onshore - Projetos_Onshore1,onshore
662,1281,Meridiano,Noble Brasil S.A., ,60000.0,1343692800000.0,UTE.AI.SP.030303-8.01,17391,BIOMASSA,19,SUDESTE,35,São Paulo,SP,248219.627,-50.18183194499991,-20.35410999899992,EPE - Projetos_Onshore - Projetos_Onshore1,onshore
663,1365,Noble Energia II,Noble Brasil S.A., ,30000.0,1343692800000.0,UTE.AI.SP.030271-6.01,8696,BIOMASSA,19,SUDESTE,35,São Paulo,SP,248219.627,-50.18183194499991,-20.35410999899992,EPE - Projetos_Onshore - Projetos_Onshore1,onshore
664,1285,Colombo Palestina,Usina Colombo S.A.  Açúcar e Álcool., ,15000.0,1180310400000.0,UTE.AI.SP.030032-2.01,4348,BIOMASSA,19,SUDESTE,35,São Paulo,SP,248219.627,-49.58983055399992,-20.31065666599992,EPE - Projetos_Onshore - Projetos_Onshore1,onshore
665,1650,Marimbondo,Furnas Centrais Elétricas S/A.,Rio Grande,1440000.0,183427200000.0,UHE.PH.MG.001417-6.01,0,HIDRO,16,SUDESTE,31,Minas Gerais,MG,586520.732,-49.19767827099994,-20.30295508199996,EPE - Projetos_Onshore - Projetos_Onshore1,onshore
666,241,Matipó,Zona da Mata Geração S.A.,Rio Matipó,416.0,-1451692800000.0,CGH.PH.MG.001438-9.01,121,HIDRO,16,SUDESTE,31,Minas Gerais,MG,586520.732,-42.33531062499997,-20.28653415400002,EPE - Projetos_Onshore - Projetos_Onshore1,onshore
667,1596,Marechal Mascarenhas de Moraes (Antiga Peixoto),Furnas Centrais Elétricas S/A.,Rio Grande,476000.0,-402451200000.0,UHE.PH.MG.002038-9.01,0,HIDRO,16,SUDESTE,31,Minas Gerais,MG,586520.732,-47.06438589100001,-20.2862610939999,EPE - Projetos_Onshore - Projetos_Onshore1,onshore
668,1449,Colorado,Açúcar e Álcool Oswaldo Ribeiro de Mendonça Ltda, ,56715.0,365472000000.0,UTE.AI.SP.028094-1.01,16439,BIOMASSA,19,SUDESTE,35,São Paulo,SP,248219.627,-48.17553455400001,-20.2792096659999,EPE - Projetos_Onshore - Projetos_Onshore1,onshore
669,77,Cachoeira Alta,Zona da Mata Geração S.A.,Ribeirão Jequitibá,302.4,-1640995200000.0,CGH.PH.MG.000404-9.01,88,HIDRO,16,SUDESTE,31,Minas Gerais,MG,586520.732,-41.96356798499991,-20.27680207000001,EPE - Projetos_Onshore - Projetos_Onshore1,onshore
670,201,Nova Ponte Queimada II,Energia Limpa Participações Ltda.,Rio Casca,3000.0,410227200000.0,CGH.PH.MG.028570-6.01,870,HIDRO,16,SUDESTE,31,Minas Gerais,MG,586520.732,-42.65151944399996,-20.27679722199996,EPE - Projetos_Onshore - Projetos_Onshore1,onshore
671,46,Bração,Central Geradora Hidrelétrica Bração Ltda.,Córrego Bração,460.0,1358208000000.0,CGH.PH.MG.031023-9.01,133,HIDRO,16,SUDESTE,31,Minas Gerais,MG,586520.732,-43.81046813399998,-20.27583333299997,EPE - Projetos_Onshore - Projetos_Onshore1,onshore
672,1538,Cajuru,CEMIG Geração Oeste S.A,Rio Pará,7200.0,-2209161600000.0,UHE.PH.MG.000597-5.01,2087,HIDRO,16,SUDESTE,31,Minas Gerais,MG,586520.732,-44.75417872199998,-20.23865166699992,EPE - Projetos_Onshore - Projetos_Onshore1,onshore
673,1230,Casa de Força,Alcoeste Bioenergia Fernandópolis S.A., ,16400.0,1398902400000.0,UTE.AI.SP.028063-1.01,4754,BIOMASSA,19,SUDESTE,35,São Paulo,SP,248219.627,-50.343867325,-20.23456565899998,EPE - Projetos_Onshore - Projetos_Onshore1,onshore
674,1593,Sinceridade,CEMIG Geração Leste S.A.,Rio Manhuaçu,1416.0,-220924800000.0,UHE.PH.MG.002751-0.01,410,HIDRO,16,SUDESTE,31,Minas Gerais,MG,586520.732,-41.99555803600001,-20.22738265399993,EPE - Projetos_Onshore - Projetos_Onshore1,onshore
675,1513,Buritis,Chimay Empreendimentos e Participações Ltda.,Ribeirão da Bandeira,800.0,-2209161600000.0,UHE.PH.SP.000336-0.01,232,HIDRO,19,SUDESTE,35,São Paulo,SP,248219.627,-47.71430097099991,-20.22075958999994,EPE - Projetos_Onshore - Projetos_Onshore1,onshore
676,1267,Buriti,"BCE - Buritizal Central Energética S.A., CPFL Bio Buriti Ltda.", ,75000.0,1317945600000.0,UTE.AI.SP.030420-4.01,21739,BIOMASSA,19,SUDESTE,35,São Paulo,SP,248219.627,-47.65387803099996,-20.21872715999991,EPE - Projetos_Onshore - Projetos_Onshore1,onshore
677,144,Roça Grande,Zona da Mata Geração S.A.,Rio Manhuaçu,768.0,-1293840000000.0,CGH.PH.MG.002535-6.01,223,HIDRO,16,SUDESTE,31,Minas Gerais,MG,586520.732,-41.99466932199993,-20.21850409899993,EPE - Projetos_Onshore - Projetos_Onshore1,onshore
678,1551,Risoleta Neves (Antiga Candonga),"Aliança Geração de Energia S.A., Vale S.A.",Rio Doce,140000.0,1094515200000.0,UHE.PH.MG.000641-6.01,40580,HIDRO,16,SUDESTE,31,Minas Gerais,MG,586520.732,-42.85499938100001,-20.20742219399996,EPE - Projetos_Onshore - Projetos_Onshore1,onshore
679,1325,Moema,Usina Moema Açúcar e Álcool Ltda, ,89000.0,757382400000.0,UTE.AI.SP.027886-6.01,25797,BIOMASSA,19,SUDESTE,35,São Paulo,SP,248219.627,-49.35564999999997,-20.20183,EPE - Projetos_Onshore - Projetos_Onshore1,onshore
680,1789,Pedranópolis 3, , ,30000.0,,UFV.RS.SP.034360-9.01,8696,UFV,19,SUDESTE,35,São Paulo,SP,248219.627,-50.03453333299996,-20.19849444399998,EPE - Projetos_Onshore - Projetos_Onshore1,onshore
681,1787,Pedranópolis 1, , ,30000.0,,UFV.RS.SP.034358-7.01,8696,UFV,19,SUDESTE,35,São Paulo,SP,248219.627,-50.04071388899993,-20.19463333299998,EPE - Projetos_Onshore - Projetos_Onshore1,onshore
682,1788,Pedranópolis 2, , ,30000.0,,UFV.RS.SP.034359-5.01,8696,UFV,19,SUDESTE,35,São Paulo,SP,248219.627,-50.04839166699996,-20.19298055599992,EPE - Projetos_Onshore - Projetos_Onshore1,onshore
683,101,Samburá,Geraes Energética Ltda.,Rio Samburá,954.75,1362096000000.0,CGH.PH.MG.002686-7.01,277,HIDRO,16,SUDESTE,31,Minas Gerais,MG,586520.732,-46.25111111099997,-20.16944444399996,EPE - Projetos_Onshore - Projetos_Onshore1,onshore
684,1683,Estreito (Luiz Carlos Barreto de Carvalho),Furnas Centrais Elétricas S.A.,Rio Grande,1050000.0,-25142400000.0,UHE.PH.SP.000917-2.01,0,HIDRO,16,SUDESTE,31,Minas Gerais,MG,586520.732,-47.27979291999997,-20.15085839799993,EPE - Projetos_Onshore - Projetos_Onshore1,onshore
685,90,Divinópolis,Plural Ltda.,Rio Itapecerica,999.0,1177977600000.0,CGH.PH.MG.029234-6.01,290,HIDRO,16,SUDESTE,31,Minas Gerais,MG,586520.732,-44.88091046299997,-20.14075993899998,EPE - Projetos_Onshore - Projetos_Onshore1,onshore
686,1464,Valinho,Siderúrgica Valinho S.A., ,2000.0,1180656000000.0,UTE.FL.MG.029595-7.02,580,BIOMASSA,16,SUDESTE,31,Minas Gerais,MG,586520.732,-44.88399825799993,-20.13900676099996,EPE - Projetos_Onshore - Projetos_Onshore1,onshore
687,1594,Porto Colômbia,Furnas Centrais Elétricas S.A.,Rio Grande,320000.0,110160000000.0,UHE.PH.MG.002117-2.01,92754,HIDRO,16,SUDESTE,31,Minas Gerais,MG,586520.732,-48.57194399999997,-20.12416699999993,EPE - Projetos_Onshore - Projetos_Onshore1,onshore
688,1519,João Camilo Penna (Antiga Cachoeira do Emboque),Zona da Mata Geração S.A.,Rio Matipó,21600.0,883612800000.0,UHE.PH.MG.000473-1.01,6261,HIDRO,16,SUDESTE,31,Minas Gerais,MG,586520.732,-42.39676710399991,-20.11755553899993,EPE - Projetos_Onshore - Projetos_Onshore1,onshore
689,58,Ingá Mirim,Ingá-Mirim Energia S.A.,Ribeirão Pouso Alegre,1000.0,1405382400000.0,CGH.PH.MG.031677-6.01,290,HIDRO,16,SUDESTE,31,Minas Gerais,MG,586520.732,-41.78555559999994,-20.11444439999999,EPE - Projetos_Onshore - Projetos_Onshore1,onshore
690,1251,Guariroba,Usina Guariroba Ltda., ,12000.0,1249084800000.0,UTE.AI.SP.029766-6.01,3478,BIOMASSA,19,SUDESTE,35,São Paulo,SP,248219.627,-49.76029594499992,-20.11378296899998,EPE - Projetos_Onshore - Projetos_Onshore1,onshore
691,293,Doutor Augusto Gonçalves de Souza,Companhia Industrial Itaunense Energia e Participações,Rio São João,2500.0,1606780800000.0,CGH.PH.MG.027129-2.03,725,HIDRO,16,SUDESTE,31,Minas Gerais,MG,586520.732,-44.54777777399991,-20.11250000099996,EPE - Projetos_Onshore - Projetos_Onshore1,onshore
692,1572,Gafanhoto,CEMIG Geração Oeste S.A.,Rio Pará,14000.0,-757382400000.0,UHE.PH.MG.001011-1.01,4058,HIDRO,16,SUDESTE,31,Minas Gerais,MG,586520.732,-44.8431798999999,-20.10379233299998,EPE - Projetos_Onshore - Projetos_Onshore1,onshore
693,160,Ingá,Ingá Energia S.A.,Ribeirão Pouso Alegre,1260.0,1447804800000.0,CGH.PH.MG.031318-1.01,365,HIDRO,16,SUDESTE,31,Minas Gerais,MG,586520.732,-41.75811191799995,-20.09809909699992,EPE - Projetos_Onshore - Projetos_Onshore1,onshore
694,1413,Bambuí,Bambuí Bioenergia S.A., ,30000.0,1402444800000.0,UTE.AI.MG.031413-7.01,8696,BIOMASSA,16,SUDESTE,31,Minas Gerais,MG,586520.732,-46.03991225199994,-20.08714222999991,EPE - Projetos_Onshore - Projetos_Onshore1,onshore
695,1212,Total,Bambuí Bioenergia S.A., ,25000.0,1274313600000.0,UTE.AI.MG.029724-0.01,7246,BIOMASSA,16,SUDESTE,31,Minas Gerais,MG,586520.732,-46.04416666499997,-20.0855555549999,EPE - Projetos_Onshore - Projetos_Onshore1,onshore
696,1509,Suíça,EDP Pequenas Centrais Hidrelétricas S.A.,Rio Santa Maria,35337.0,-157766400000.0,UHE.PH.ES.002781-2.01,10243,HIDRO,17,SUDESTE,32,Espirito Santo,ES,46086.907,-40.57701157699995,-20.08315132999992,EPE - Projetos_Onshore - Projetos_Onshore1,onshore
697,1322,Frutal,Usina Frutal Açúcar e Álcool Ltda., ,16092.0,1149206400000.0,UTE.AI.MG.029290-7.01,4664,BIOMASSA,16,SUDESTE,31,Minas Gerais,MG,586520.732,-48.82074994899998,-20.08255005499991,EPE - Projetos_Onshore - Projetos_Onshore1,onshore
698,1361,LDC Bioenergia Lagoa da Prata (Antiga Louis Dreyfus Lagoa da Prata),BIOSEV S.A, ,85000.0,1240617600000.0,UTE.AI.MG.029717-8.01,24638,BIOMASSA,16,SUDESTE,31,Minas Gerais,MG,586520.732,-45.54293604499994,-20.07091189399993,EPE - Projetos_Onshore - Projetos_Onshore1,onshore
699,1591,São Domingos,Eletrosul Centrais Elétricas S.A.,Rio Verde,48000.0,1371168000000.0,UHE.PH.MS.028761-0.01,13913,HIDRO,22,CENTRO-OESTE,50,Mato Grosso do Sul,MS,357145.531,-53.18037106799995,-20.05975395299989,EPE - Projetos_Onshore - Projetos_Onshore1,onshore
700,1429,Colombo Santa Albertina,Usina Colombo S.A Açúcar e Álcool., ,50000.0,1243814400000.0,UTE.AI.SP.030267-8.01,14493,BIOMASSA,19,SUDESTE,35,São Paulo,SP,248219.627,-50.66621361999994,-20.03608641599997,EPE - Projetos_Onshore - Projetos_Onshore1,onshore
701,1633,Volta Grande,ENEL Green Power Projetos I S.A.,Rio Grande,380000.0,135820800000.0,UHE.PH.SP.003045-7.01,0,HIDRO,19,SUDESTE,35,São Paulo,SP,248219.627,-48.22184427099991,-20.03326720799994,EPE - Projetos_Onshore - Projetos_Onshore1,onshore
702,1622,Jaguara,Companhia Energética Jaguara,Rio Grande,424000.0,31536000000.0,UHE.PH.SP.001225-4.01,0,HIDRO,19,SUDESTE,35,São Paulo,SP,248219.627,-47.43389240899997,-20.02273194899991,EPE - Projetos_Onshore - Projetos_Onshore1,onshore
703,50,Simonésia,Simonésia Energia S.A.,Rio Preto de São Simão,3000.0,1449964800000.0,CGH.PH.MG.031334-3.01,870,HIDRO,16,SUDESTE,31,Minas Gerais,MG,586520.732,-41.9980825869999,-19.99914085800001,EPE - Projetos_Onshore - Projetos_Onshore1,onshore
704,1567,Igarapava,"Aliança Geração de Energia S.A., Anglogold Ashanti Brasil Mineração Ltda, Companhia Siderúrgica Nacional, Votorantim Metais Zinco S.A.",Rio Grande,210000.0,915062400000.0,UHE.PH.SP.001098-7.01,60870,HIDRO,19,SUDESTE,35,São Paulo,SP,248219.627,-47.75599319799994,-19.98907385199991,EPE - Projetos_Onshore - Projetos_Onshore1,onshore
705,1411,Volta Grande,Usina Delta S.A., ,54938.0,770342400000.0,UTE.AI.MG.028540-4.01,15924,BIOMASSA,16,SUDESTE,31,Minas Gerais,MG,586520.732,-48.26449999999991,-19.97990000099999,EPE - Projetos_Onshore - Projetos_Onshore1,onshore
706,2036,Chalé, ,José Pedro,2100.0,,CGH.PH.MG.038150-0.01,609,HIDRO,16,SUDESTE,31,Minas Gerais,MG,586520.732,-41.71431629799997,-19.97961546299998,EPE - Projetos_Onshore - Projetos_Onshore1,onshore
707,1343,Delta,Delta Sucroenergia S.A., ,101875.0,1007164800000.0,UTE.AI.MG.028219-7.01,29529,BIOMASSA,16,SUDESTE,31,Minas Gerais,MG,586520.732,-47.81275574999999,-19.94484195099998,EPE - Projetos_Onshore - Projetos_Onshore1,onshore
708,1324,Cerradão 2,Usina Cerradão Ltda., ,40000.0,1589587200000.0,UTE.AI.MG.038336-8.01,11594,BIOMASSA,16,SUDESTE,31,Minas Gerais,MG,586520.732,-49.15502840699999,-19.92416098499999,EPE - Projetos_Onshore - Projetos_Onshore1,onshore
709,1748,Cerradão 3, , ,40000.0,,UTE.AI.MG.040785-2.01,11594,BIOMASSA,16,SUDESTE,31,Minas Gerais,MG,586520.732,-49.15639136399996,-19.92336405999995,EPE - Projetos_Onshore - Projetos_Onshore1,onshore
710,1443,Ouroeste,Usina Ouroeste Açúcar e Álcool Ltda., ,12000.0,1210032000000.0,UTE.AI.SP.029292-3.01,3478,BIOMASSA,19,SUDESTE,35,São Paulo,SP,248219.627,-50.40198999999996,-19.92249000000002,EPE - Projetos_Onshore - Projetos_Onshore1,onshore
711,1345,Cerradão,Usina Cerradão Ltda., ,54000.0,1261440000000.0,UTE.AI.MG.029709-7.01,15652,BIOMASSA,16,SUDESTE,31,Minas Gerais,MG,586520.732,-49.145834554,-19.91832766499997,EPE - Projetos_Onshore - Projetos_Onshore1,onshore
712,1242,Santo Ângelo,Usina Santo Ângelo Ltda., ,40000.0,94694400000.0,UTE.AI.MG.029116-1.01,11594,BIOMASSA,16,SUDESTE,31,Minas Gerais,MG,586520.732,-48.69663805499995,-19.90850499999993,EPE - Projetos_Onshore - Projetos_Onshore1,onshore
713,169,Eco Vida Cajuru,Eco Vida Ltda.,Ribeirão Borá,560.0,1167436800000.0,CGH.PH.MG.029326-1.01,162,HIDRO,16,SUDESTE,31,Minas Gerais,MG,586520.732,-47.47521571799994,-19.89517126199998,EPE - Projetos_Onshore - Projetos_Onshore1,onshore
714,1521,Peti,CEMIG Geração Leste S/A,Rio Santa Bárbara,9400.0,-745459200000.0,UHE.PH.MG.002047-8.01,2725,HIDRO,16,SUDESTE,31,Minas Gerais,MG,586520.732,-43.36655949399992,-19.89353365799994,EPE - Projetos_Onshore - Projetos_Onshore1,onshore
715,1468,Asja BH,Consórcio Horizonte Asja, ,1425.6,1357171200000.0,UTE.RU.MG.030191-4.01,413,BIOMASSA,16,SUDESTE,31,Minas Gerais,MG,586520.732,-44.01344444399992,-19.88444166599995,EPE - Projetos_Onshore - Projetos_Onshore1,onshore
716,1122,Água Vermelha IV,100% para AGV SOLAR IV GERADORA DE ENERGIA S.A. (PIE), ,15200.0,1574985600000.0,UFV.RS.SP.034206-8.01,4406,UFV,19,SUDESTE,35,São Paulo,SP,248219.627,-50.382030818,-19.88399558199999,EPE - Projetos_Onshore - Projetos_Onshore1,onshore
717,1052,Boa Hora 3,100% para BOA HORA 3 GERADORA DE ENERGIA SOLAR S.A. (PIE), ,23040.0,1565740800000.0,UFV.RS.SP.034163-0.02,6678,UFV,19,SUDESTE,35,São Paulo,SP,248219.627,-50.39481268399994,-19.88045404399997,EPE - Projetos_Onshore - Projetos_Onshore1,onshore
718,1053,Boa Hora 2,100% para Boa Hora 2 Geradora de Energia Solar S.A (PIE), ,23040.0,1565740800000.0,UFV.RS.SP.034162-2.02,6678,UFV,19,SUDESTE,35,São Paulo,SP,248219.627,-50.393703487,-19.87684297099997,EPE - Projetos_Onshore - Projetos_Onshore1,onshore
719,1123,Água Vermelha V,100% para AGV SOLAR V GERADORA DE ENERGIA S.A. (PIE), ,30400.0,1574985600000.0,UFV.RS.SP.034207-6.01,8812,UFV,19,SUDESTE,35,São Paulo,SP,248219.627,-50.37771747799999,-19.87554960099989,EPE - Projetos_Onshore - Projetos_Onshore1,onshore
720,1054,Boa Hora 1,100% para BOA HORA 1 GERADORA DE ENERGIA SOLAR S.A. (PIE), ,23040.0,1565740800000.0,UFV.RS.SP.034161-4.02,6678,UFV,19,SUDESTE,35,São Paulo,SP,248219.627,-50.39250705499995,-19.87315783699997,EPE - Projetos_Onshore - Projetos_Onshore1,onshore
721,1124,Água Vermelha VI,100% para AGV SOLAR VI GERADORA DE ENERGIA S.A. (PIE), ,30400.0,1574985600000.0,UFV.RS.SP.034208-4.01,8812,UFV,19,SUDESTE,35,São Paulo,SP,248219.627,-50.37882348899993,-19.86625499699993,EPE - Projetos_Onshore - Projetos_Onshore1,onshore
722,1159,Central Mineirão,100% para CEMIG GERAÇÃO E TRANSMISSÃO S.A (REG), ,1418.4,1398384000000.0,UFV.RS.MG.031760-8.01,411,UFV,16,SUDESTE,31,Minas Gerais,MG,586520.732,-43.97111110999995,-19.86555559999997,EPE - Projetos_Onshore - Projetos_Onshore1,onshore
723,1697,Água Vermelha (Antiga José Ermírio de Moraes),AES Tietê S.A.,Rio Grande,1396200.0,272592000000.0,UHE.PH.MG.000041-8.01,0,HIDRO,16,SUDESTE,31,Minas Gerais,MG,586520.732,-50.34647804099991,-19.86315702099993,EPE - Projetos_Onshore - Projetos_Onshore1,onshore
724,95,Florestal,Primo Energética Ltda.,Ribeirão Florestal,500.0,1346544000000.0,CGH.PH.MG.030621-5.01,145,HIDRO,16,SUDESTE,31,Minas Gerais,MG,586520.732,-44.40751464299996,-19.85907798899994,EPE - Projetos_Onshore - Projetos_Onshore1,onshore
725,1458,Asja Sabará,Asja Sabará Serviços para o Meio Ambiente S.A., ,7130.0,1498780800000.0,UTE.RU.MG.035528-3.01,2067,BIOMASSA,16,SUDESTE,31,Minas Gerais,MG,586520.732,-43.84413918699998,-19.8503321859999,EPE - Projetos_Onshore - Projetos_Onshore1,onshore
726,1334,Aracruz,Fibria Celulose S.A., ,210400.0,1020211200000.0,UTE.FL.ES.000127-9.01,60986,BIOMASSA,17,SUDESTE,32,Espirito Santo,ES,46086.907,-40.07470155399997,-19.84295366599994,EPE - Projetos_Onshore - Projetos_Onshore1,onshore
727,1568,Neblina,CEMIG Geração Leste S.A.,Rio Manhuaçu,6468.0,-694310400000.0,UHE.PH.MG.001533-4.01,1875,HIDRO,16,SUDESTE,31,Minas Gerais,MG,586520.732,-41.800730726,-19.83280984999996,EPE - Projetos_Onshore - Projetos_Onshore1,onshore
728,1318,Carneirinho,S.A Usina Coruripe Açúcar e Álcool., ,24000.0,1216857600000.0,UTE.AI.MG.029619-8.01,6957,BIOMASSA,16,SUDESTE,31,Minas Gerais,MG,586520.732,-50.775064554,-19.81176966600001,EPE - Projetos_Onshore - Projetos_Onshore1,onshore
729,1389,Campo Florido,S/A Usina Coruripe Açúcar e Álcool, ,30000.0,1021420800000.0,UTE.AI.MG.028478-5.01,8696,BIOMASSA,16,SUDESTE,31,Minas Gerais,MG,586520.732,-48.72552627899999,-19.80914551999996,EPE - Projetos_Onshore - Projetos_Onshore1,onshore
730,1295,Coruripe Energética - Filial Campo Florido,Coruripe  Energética S.A, ,30000.0,1216771200000.0,UTE.AI.MG.029703-8.01,8696,BIOMASSA,16,SUDESTE,31,Minas Gerais,MG,586520.732,-48.72954455399993,-19.80892966599995,EPE - Projetos_Onshore - Projetos_Onshore1,onshore
731,11,Sumidouro,CEMIG Geração e Transmissão S.A.,Rio Sacramento,2120.0,-502243200000.0,CGH.PH.MG.002782-0.02,614,HIDRO,16,SUDESTE,31,Minas Gerais,MG,586520.732,-42.30208571399993,-19.80120615599995,EPE - Projetos_Onshore - Projetos_Onshore1,onshore
732,1792,Araxá 2, , ,45000.0,,UFV.RS.MG.040852-2.01,13043,UFV,16,SUDESTE,31,Minas Gerais,MG,586520.732,-47.04907499999999,-19.77404166699997,EPE - Projetos_Onshore - Projetos_Onshore1,onshore
733,1791,Araxá 1, , ,45000.0,,UFV.RS.MG.040851-4.01,13043,UFV,16,SUDESTE,31,Minas Gerais,MG,586520.732,-47.04078333299996,-19.75731666699992,EPE - Projetos_Onshore - Projetos_Onshore1,onshore
734,1479,João Neiva,CBF Indústria de Gusa S/A, ,3500.0,1009843200000.0,UTE.FL.ES.028347-9.01,1014,BIOMASSA,17,SUDESTE,32,Espirito Santo,ES,46086.907,-40.37653455399994,-19.75400966599994,EPE - Projetos_Onshore - Projetos_Onshore1,onshore
735,1370,Usina Coruripe Açúcar e Álcool,S.A Usina Coruripe Açúcar e Álcool, ,20000.0,1313452800000.0,UTE.AI.MG.030533-2.01,5797,BIOMASSA,16,SUDESTE,31,Minas Gerais,MG,586520.732,-50.334701217,-19.70962075899999,EPE - Projetos_Onshore - Projetos_Onshore1,onshore
736,1595,Guilman Amorim,Belgo Siderurgia S.A. e Samarco Mineração S.A.,Rio Piracicaba,140000.0,878428800000.0,UHE.PH.MG.001079-0.01,40580,HIDRO,16,SUDESTE,31,Minas Gerais,MG,586520.732,-42.95999999999999,-19.70833300000002,EPE - Projetos_Onshore - Projetos_Onshore1,onshore
737,1388,Coruripe Iturama,Coruripe Energética S.A, ,24000.0,1036022400000.0,UTE.AI.MG.028479-3.01,6957,BIOMASSA,16,SUDESTE,31,Minas Gerais,MG,586520.732,-50.32885455399995,-19.70461966599991,EPE - Projetos_Onshore - Projetos_Onshore1,onshore
738,1470,Usipar Industria e Comercio,Usipar Industria e Comércio Ltda., ,4997.0,1167696000000.0,UTE.FL.MG.029473-0.01,1448,BIOMASSA,16,SUDESTE,31,Minas Gerais,MG,586520.732,-44.92573499799992,-19.69431416699997,EPE - Projetos_Onshore - Projetos_Onshore1,onshore
739,1614,Sá Carvalho,Sá Carvalho S.A.,Rio Piracicaba,78000.0,-599616000000.0,UHE.PH.MG.002563-1.01,22609,HIDRO,16,SUDESTE,31,Minas Gerais,MG,586520.732,-42.85018157299991,-19.64622124699996,EPE - Projetos_Onshore - Projetos_Onshore1,onshore
740,25,João de Deus,Ematex Industrial e Comercial Ltda.,Rio Lambari,1569.99,188611200000.0,CGH.PH.MG.001252-1.02,455,HIDRO,16,SUDESTE,31,Minas Gerais,MG,586520.732,-45.10903683799993,-19.63946177299996,EPE - Projetos_Onshore - Projetos_Onshore1,onshore
741,155,Santa Maria,Santa Maria Geração e Transmissão de Energia S.A.,Rio Santa Maria,240.0,-741830400000.0,CGH.PH.ES.027182-9.01,70,HIDRO,17,SUDESTE,32,Espirito Santo,ES,46086.907,-40.61631370999994,-19.62036993999992,EPE - Projetos_Onshore - Projetos_Onshore1,onshore
742,133,Cachoeira dos Macacos,HOLCIM (BRASIL) S.A.,Rio Araguari,3375.0,-644803200000.0,CGH.PH.MG.028381-9.02,978,HIDRO,16,SUDESTE,31,Minas Gerais,MG,586520.732,-47.45652084799998,-19.60944283399997,EPE - Projetos_Onshore - Projetos_Onshore1,onshore
743,1556,Mascarenhas,Energest S.A.,Rio Doce,198000.0,117417600000.0,UHE.PH.ES.001432-0.01,57391,HIDRO,17,SUDESTE,32,Espirito Santo,ES,46086.907,-40.91846388899995,-19.50048333299999,EPE - Projetos_Onshore - Projetos_Onshore1,onshore
744,106,Cachoeira do Oito,Empresa Luz e Força Santa Maria S.A.,Rio Pancas,240.0,-520905600000.0,CGH.PH.ES.000491-0.01,70,HIDRO,17,SUDESTE,32,Espirito Santo,ES,46086.907,-40.60794740699995,-19.46792812299994,EPE - Projetos_Onshore - Projetos_Onshore1,onshore
745,1629,Aimorés,Aliança Geração de Energia S.A.,Rio Doce,330000.0,1122681600000.0,UHE.PH.MG.000042-6.01,95652,HIDRO,16,SUDESTE,31,Minas Gerais,MG,586520.732,-41.09797972199997,-19.45714111099995,EPE - Projetos_Onshore - Projetos_Onshore1,onshore
746,1461,Usiminas 2,Usinas Siderúrgicas de Minas Gerais S/A, ,63155.0,1233360000000.0,UTE.FL.MG.029480-2.01,18306,BIOMASSA,16,SUDESTE,31,Minas Gerais,MG,586520.732,-42.59145455399997,-19.43497966499995,EPE - Projetos_Onshore - Projetos_Onshore1,onshore
747,1715,Dona Rita,CEMIG Geração Leste S.A.,Rio Tanque,2408.0,-347155200000.0,UHE.PH.MG.028084-4.01,698,HIDRO,16,SUDESTE,31,Minas Gerais,MG,586520.732,-43.2008333319999,-19.423333332,EPE - Projetos_Onshore - Projetos_Onshore1,onshore
748,154,Bela Miragem,São Gabriel Hidroenergia Ltda.,Rio Coxim,225.0,1298937600000.0,CGH.PH.MS.030451-4.01,65,HIDRO,22,CENTRO-OESTE,50,Mato Grosso do Sul,MS,357145.531,-54.539397671,-19.40307451499995,EPE - Projetos_Onshore - Projetos_Onshore1,onshore
749,1746,Uberaba 2, , ,35000.0,,UTE.AI.MG.044551-7.01,10145,BIOMASSA,16,SUDESTE,31,Minas Gerais,MG,586520.732,-47.81694443999999,-19.39138889999995,EPE - Projetos_Onshore - Projetos_Onshore1,onshore
750,1437,Vale do Tijuco,C. Energética de Açucar e Álcool Vale do Tijuco Ltda., ,45000.0,1274227200000.0,UTE.AI.MG.030034-9.01,13043,BIOMASSA,16,SUDESTE,31,Minas Gerais,MG,586520.732,-48.23246258199998,-19.34680180499993,EPE - Projetos_Onshore - Projetos_Onshore1,onshore
751,1289,Vale do Tijuco II,Companhia Energética de Açúcar e Álcool Vale do Tijuco Ltda., ,40000.0,1337299200000.0,UTE.AI.MG.030473-5.01,11594,BIOMASSA,16,SUDESTE,31,Minas Gerais,MG,586520.732,-48.23220122099993,-19.34680133299998,EPE - Projetos_Onshore - Projetos_Onshore1,onshore
752,1213,Lasa,Linhares Agroindustrial S.A., ,20700.0,391737600000.0,UTE.AI.ES.029107-2.01,6000,BIOMASSA,17,SUDESTE,32,Espirito Santo,ES,46086.907,-40.01046146199993,-19.34060364699993,EPE - Projetos_Onshore - Projetos_Onshore1,onshore
753,1751,Vale do Pontal 2, , ,25000.0,,UTE.AI.MG.038172-1.01,7246,BIOMASSA,16,SUDESTE,31,Minas Gerais,MG,586520.732,-50.72153053399992,-19.31462773599997,EPE - Projetos_Onshore - Projetos_Onshore1,onshore
754,1402,Cabrera,Cabrera Central Energética Açúcar e Álcool Ltda., ,25000.0,1251763200000.0,UTE.AI.MG.030371-2.01,7246,BIOMASSA,16,SUDESTE,31,Minas Gerais,MG,586520.732,-50.70825360099997,-19.30737208299996,EPE - Projetos_Onshore - Projetos_Onshore1,onshore
755,1257,Santa Juliana,Agroindustrial Santa Juliana S.A., ,88000.0,1283990400000.0,UTE.AI.MG.030166-3.01,25507,BIOMASSA,16,SUDESTE,31,Minas Gerais,MG,586520.732,-47.46403455399994,-19.30230966599996,EPE - Projetos_Onshore - Projetos_Onshore1,onshore
756,205,Pacifico Mascarenhas,Pacífico Mascarenhas Energética Ltda.,Rio Parauninha,2944.0,-1325462400000.0,CGH.PH.MG.001928-3.02,853,HIDRO,16,SUDESTE,31,Minas Gerais,MG,586520.732,-43.61333333299992,-19.27749999999995,EPE - Projetos_Onshore - Projetos_Onshore1,onshore
757,2038,Pacífico Mascarenhas, ,Parauninha,3400.0,,CGH.PH.MG.001928-3.02,986,HIDRO,16,SUDESTE,31,Minas Gerais,MG,586520.732,-43.60653745699993,-19.264403353,EPE - Projetos_Onshore - Projetos_Onshore1,onshore
758,1268,Agropéu,Agropéu Agro Industrial de Pompéu S.A., ,21600.0,1478908800000.0,UTE.AI.MG.032677-1.01,6261,BIOMASSA,16,SUDESTE,31,Minas Gerais,MG,586520.732,-44.98497199999997,-19.25169400099994,EPE - Projetos_Onshore - Projetos_Onshore1,onshore
759,264,Poções,Sociedade Educacional Uberabense,Rio Tijuco,800.0,-764121600000.0,CGH.PH.MG.029231-1.01,232,HIDRO,16,SUDESTE,31,Minas Gerais,MG,586520.732,-48.73083333299999,-19.17305555599998,EPE - Projetos_Onshore - Projetos_Onshore1,onshore
760,1641,Salto Grande,CEMIG Geração Salto Grande S.A.,Rio Santo Antônio,102000.0,-441849600000.0,UHE.PH.MG.027210-8.01,29565,HIDRO,16,SUDESTE,31,Minas Gerais,MG,586520.732,-42.77504027899994,-19.16527776399993,EPE - Projetos_Onshore - Projetos_Onshore1,onshore
761,1626,Salto do Rio Verdinho,Companhia Brasileira de Alumínio,Rio Verde,93000.0,1278374400000.0,UHE.PH.GO.028760-1.01,26957,HIDRO,24,CENTRO-OESTE,52,Goiás,GO,340106.492,-50.75394482999995,-19.14270020299996,EPE - Projetos_Onshore - Projetos_Onshore1,onshore
762,1703,Nova Ponte,CEMIG Geração e Transmissão S/A,Rio Araguari,510000.0,757382400000.0,UHE.PH.MG.001574-1.01,0,HIDRO,16,SUDESTE,31,Minas Gerais,MG,586520.732,-47.69746572699997,-19.13322256199995,EPE - Projetos_Onshore - Projetos_Onshore1,onshore
763,99,Tapuirama,Tapuirama Comércio de Energia SPE Ltda.,Ribeirão Rocinha,1500.0,1511136000000.0,CGH.PH.MG.028955-8.01,435,HIDRO,16,SUDESTE,31,Minas Gerais,MG,586520.732,-47.91859967199994,-19.12713070099995,EPE - Projetos_Onshore - Projetos_Onshore1,onshore
764,1583,Engenheiro José Luiz Muller de Godoy Pereira (Antiga Foz do Rio Claro),Foz do Rio Claro Energia S.A.,Rio Claro,68400.0,1280966400000.0,UHE.PH.GO.029455-1.01,19826,HIDRO,24,CENTRO-OESTE,52,Goiás,GO,340106.492,-50.64569832399998,-19.11711152899998,EPE - Projetos_Onshore - Projetos_Onshore1,onshore
765,1708,Porto Estrela,"Aliança Geração de Energia S.A., Coteminas S.A.",Rio Santo Antônio,112000.0,999561600000.0,UHE.PH.MG.027196-9.01,32464,HIDRO,16,SUDESTE,31,Minas Gerais,MG,586520.732,-42.66251728099999,-19.11590557199994,EPE - Projetos_Onshore - Projetos_Onshore1,onshore
766,1440,Vale do São Simão,Companhia Energética Vale do São Simão, ,55000.0,1287619200000.0,UTE.AI.MG.030046-2.01,15942,BIOMASSA,16,SUDESTE,31,Minas Gerais,MG,586520.732,-50.36258755399993,-19.06567666499995,EPE - Projetos_Onshore - Projetos_Onshore1,onshore
767,182,Cachoeira da Onça,Santa Maria Geração e Transmissão de Energia S.A.,Rio São José,900.0,78710400000.0,CGH.PH.ES.000428-6.01,261,HIDRO,17,SUDESTE,32,Espirito Santo,ES,46086.907,-40.54039267099993,-19.04433755299995,EPE - Projetos_Onshore - Projetos_Onshore1,onshore
768,1654,Baguari,"Baguari Energia S.A., Baguari I Geração de Energia Elétrica S.A.",Rio Doce,140000.0,1252454400000.0,UHE.PH.MG.029453-5.01,40580,HIDRO,16,SUDESTE,31,Minas Gerais,MG,586520.732,-42.12489562199996,-19.02156872099997,EPE - Projetos_Onshore - Projetos_Onshore1,onshore
769,1620,São Simão,UHE São Simão Energia S.A.,Rio Paranaíba,1710000.0,252460800000.0,UHE.PH.GO.002704-9.01,0,HIDRO,24,CENTRO-OESTE,52,Goiás,GO,340106.492,-50.49916699999991,-19.01805599999993,EPE - Projetos_Onshore - Projetos_Onshore1,onshore
770,1333,Vetorial Corumbá,Vetorial Siderurgia Ltda., ,10000.0,1255132800000.0,UTE.FL.MS.030384-4.01,2899,BIOMASSA,22,CENTRO-OESTE,50,Mato Grosso do Sul,MS,357145.531,-57.648985,-19.00637499999996,EPE - Projetos_Onshore - Projetos_Onshore1,onshore
771,243,Córrego Ger,Hidroelétrica Córrego Ltda.,Rio Indaiá Grande,4176.0,1556668800000.0,CGH.PH.MS.044877-0.01,1210,HIDRO,22,CENTRO-OESTE,50,Mato Grosso do Sul,MS,357145.531,-52.60516111099999,-18.97928333299997,EPE - Projetos_Onshore - Projetos_Onshore1,onshore
772,1417,Ituiutaba,BP Bioenergia Ituiutaba S.A., ,56000.0,1274918400000.0,UTE.AI.MG.030094-2.01,16232,BIOMASSA,16,SUDESTE,31,Minas Gerais,MG,586520.732,-49.46223518899997,-18.97306768099994,EPE - Projetos_Onshore - Projetos_Onshore1,onshore
773,281,Salto Morais,CEMIG Geração e Transmissão S.A.,Rio Tijuco,2394.0,-410227200000.0,CGH.PH.MG.002656-5.02,694,HIDRO,16,SUDESTE,31,Minas Gerais,MG,586520.732,-49.38268361099995,-18.95018277799994,EPE - Projetos_Onshore - Projetos_Onshore1,onshore
774,1628,Miranda,Companhia Energética Miranda,Rio Araguari,408000.0,896486400000.0,UHE.PH.MG.001469-9.01,0,HIDRO,16,SUDESTE,31,Minas Gerais,MG,586520.732,-48.0409073449999,-18.910407768,EPE - Projetos_Onshore - Projetos_Onshore1,onshore
775,1473,Uberlândia,Energas Geração de Energia Ltda., ,4278.0,1322697600000.0,UTE.RU.MG.030728-9.01,1240,BIOMASSA,16,SUDESTE,31,Minas Gerais,MG,586520.732,-48.32088333199992,-18.880302768,EPE - Projetos_Onshore - Projetos_Onshore1,onshore
776,1673,Retiro Baixo,Retiro Baixo Energética S.A.,Rio Paraopeba,83657.0,1267574400000.0,UHE.PH.MG.029457-8.01,24248,HIDRO,16,SUDESTE,31,Minas Gerais,MG,586520.732,-44.77613074299997,-18.87941162499989,EPE - Projetos_Onshore - Projetos_Onshore1,onshore
777,1207,Algar Agro,CRONOS INDÚSTRIA E COMÉRCIO LTDA, ,8950.0,1516752000000.0,UTE.FL.MG.035567-4.01,2594,BIOMASSA,16,SUDESTE,31,Minas Gerais,MG,586520.732,-48.27768134699994,-18.86196031999997,EPE - Projetos_Onshore - Projetos_Onshore1,onshore
778,1737,LD Celulose, , ,202700.0,,UTE.FL.MG.040854-9.01,58754,BIOMASSA,16,SUDESTE,31,Minas Gerais,MG,586520.732,-47.91822777799999,-18.83704166699992,EPE - Projetos_Onshore - Projetos_Onshore1,onshore
779,1107,Guimarania 1,100% para GUIMARANIA I SOLAR SPE S.A. (PIE), ,31000.0,1544572800000.0,UFV.RS.MG.034073-1.01,8986,UFV,16,SUDESTE,31,Minas Gerais,MG,586520.732,-46.67449000699994,-18.82436391699998,EPE - Projetos_Onshore - Projetos_Onshore1,onshore
780,1108,Guimarania 2,100% para GUIMARANIA II SOLAR SPE S.A. (PIE), ,31000.0,1544572800000.0,UFV.RS.MG.034074-0.01,8986,UFV,16,SUDESTE,31,Minas Gerais,MG,586520.732,-46.69061802299998,-18.81661111699995,EPE - Projetos_Onshore - Projetos_Onshore1,onshore
781,1611,Martins,CEMIG Geração Oeste S.A.,Rio Uberabinha,7700.0,-2209161600000.0,UHE.PH.MG.001427-3.01,2232,HIDRO,16,SUDESTE,31,Minas Gerais,MG,586520.732,-48.38717443699993,-18.81085275699992,EPE - Projetos_Onshore - Projetos_Onshore1,onshore
782,1696,Salto,Rio Verde Energia S.A.,Rio Verde,116000.0,1274745600000.0,UHE.PH.GO.028758-0.01,33623,HIDRO,24,CENTRO-OESTE,52,Goiás,GO,340106.492,-51.17098633499994,-18.80818104699993,EPE - Projetos_Onshore - Projetos_Onshore1,onshore
783,1254,Iaco Agrícola,Iaco Agrícola S.A., ,71500.0,1408492800000.0,UTE.AI.MS.030269-4.01,20725,BIOMASSA,22,CENTRO-OESTE,50,Mato Grosso do Sul,MS,357145.531,-52.90986666899997,-18.80008332899997,EPE - Projetos_Onshore - Projetos_Onshore1,onshore
784,252,Dona Enedina,Decs Energia Ltda.,Rio Corrente Grande,1000.0,1485907200000.0,CGH.PH.MG.037400-8.01,290,HIDRO,16,SUDESTE,31,Minas Gerais,MG,586520.732,-42.82274765399993,-18.78980467099994,EPE - Projetos_Onshore - Projetos_Onshore1,onshore
785,1565,Amador Aguiar I (Antiga Capim Branco I),"Aliança Geração de Energia S.A., Votorantim Metais Zinco S.A.",Rio Araguari,240000.0,1140480000000.0,UHE.PH.MG.027483-6.01,69565,HIDRO,16,SUDESTE,31,Minas Gerais,MG,586520.732,-48.14859863099993,-18.78913732499997,EPE - Projetos_Onshore - Projetos_Onshore1,onshore
786,1296,Santa Vitória,ERB MG Energias S.A, ,41400.0,1435190400000.0,UTE.AI.MG.031268-1.01,12000,BIOMASSA,16,SUDESTE,31,Minas Gerais,MG,586520.732,-50.22396764899996,-18.77092283999995,EPE - Projetos_Onshore - Projetos_Onshore1,onshore
787,1744,Triângulo, , ,40000.0,,UTE.AI.MG.050155-7.01,11594,BIOMASSA,16,SUDESTE,31,Minas Gerais,MG,586520.732,-48.61130602999994,-18.75633952999992,EPE - Projetos_Onshore - Projetos_Onshore1,onshore
788,1504,Energética Tupaciguara (Antiga Central Energética Tupaciguara),Central Energética Tupaciguara Ltda., ,35000.0,1590796800000.0,UTE.AI.MG.038176-4.01,10145,BIOMASSA,16,SUDESTE,31,Minas Gerais,MG,586520.732,-48.61180555199997,-18.75569610499997,EPE - Projetos_Onshore - Projetos_Onshore1,onshore
789,1330,Bioenergética Aroeira,Bioenergética Aroeira S.A., ,16000.0,1404259200000.0,UTE.AI.MG.030313-5.01,4638,BIOMASSA,16,SUDESTE,31,Minas Gerais,MG,586520.732,-48.61297338199996,-18.75548182399992,EPE - Projetos_Onshore - Projetos_Onshore1,onshore
790,1668,Barra dos Coqueiros,Gerdau Aços Longos S.A.,Rio Claro,90000.0,1276905600000.0,UHE.PH.GO.028757-1.01,26087,HIDRO,24,CENTRO-OESTE,52,Goiás,GO,340106.492,-51.00279929499989,-18.7217258759999,EPE - Projetos_Onshore - Projetos_Onshore1,onshore
791,1674,Tronqueiras,CEMIG Geração Leste S.A.,Rio Tronqueiras,8500.0,-2209161600000.0,UHE.PH.MG.002886-0.01,2464,HIDRO,16,SUDESTE,31,Minas Gerais,MG,586520.732,-42.2628742919999,-18.71899192199991,EPE - Projetos_Onshore - Projetos_Onshore1,onshore
792,55,Pissarrão,CEMIG Geração e Transmissão S.A.,Ribeirão Piçarrão,800.0,-1420070400000.0,CGH.PH.MG.002055-9.01,232,HIDRO,16,SUDESTE,31,Minas Gerais,MG,586520.732,-48.09670222699999,-18.68706371399996,EPE - Projetos_Onshore - Projetos_Onshore1,onshore
793,1393,Selecta,Sementes Selecta S.A., ,11400.0,1302307200000.0,UTE.AI.MG.030450-6.01,3304,BIOMASSA,16,SUDESTE,31,Minas Gerais,MG,586520.732,-48.15805555400001,-18.68305555699997,EPE - Projetos_Onshore - Projetos_Onshore1,onshore
794,1598,Espora,Espora Energética S.A.,Rio Corrente,32000.0,1157587200000.0,UHE.PH.GO.000908-3.01,9275,HIDRO,24,CENTRO-OESTE,52,Goiás,GO,340106.492,-51.86555555599998,-18.67583333299996,EPE - Projetos_Onshore - Projetos_Onshore1,onshore
795,1638,Amador Aguiar II (Antiga Capim Branco II),"Aliança Geração de Energia S.A., Votorantim Metais Zinco S.A.",Rio Araguari,210000.0,1173398400000.0,UHE.PH.MG.027484-4.01,60870,HIDRO,16,SUDESTE,31,Minas Gerais,MG,586520.732,-48.43677000299992,-18.65915555299991,EPE - Projetos_Onshore - Projetos_Onshore1,onshore
796,1220,Boa Vista,Usina Boa Vista S.A., ,80000.0,1216684800000.0,UTE.AI.GO.029588-4.01,23188,BIOMASSA,24,CENTRO-OESTE,52,Goiás,GO,340106.492,-50.434779057,-18.54617516799995,EPE - Projetos_Onshore - Projetos_Onshore1,onshore
797,1341,Unidade de Bioenergia Costa Rica,OER Mineiros Energia S.A. e Companhia Brasileira de Energia Renovável - BRENCO, ,79828.0,1321920000000.0,UTE.AI.MS.030037-3.01,23139,BIOMASSA,22,CENTRO-OESTE,50,Mato Grosso do Sul,MS,357145.531,-53.13304694499996,-18.54354805500001,EPE - Projetos_Onshore - Projetos_Onshore1,onshore
798,1605,Caçu,Gerdau Aços Longos S.A.,Rio Claro,65000.0,1279929600000.0,UHE.PH.GO.028756-3.01,18841,HIDRO,24,CENTRO-OESTE,52,Goiás,GO,340106.492,-51.14858008299993,-18.53226100199995,EPE - Projetos_Onshore - Projetos_Onshore1,onshore
799,111,Santa Luzia,CEMIG Geração e Transmissão S.A.,Rio Piedade,704.0,-2209161600000.0,CGH.PH.MG.027421-6.01,204,HIDRO,16,SUDESTE,31,Minas Gerais,MG,586520.732,-49.21583963599991,-18.52497792899997,EPE - Projetos_Onshore - Projetos_Onshore1,onshore
800,1559,Cachoeira Dourada,Centrais Elétricas Cachoeira Dourada,Rio Paranaíba,658000.0,-347155200000.0,UHE.PH.GO.000528-2.01,0,HIDRO,16,SUDESTE,31,Minas Gerais,MG,586520.732,-49.49021968199993,-18.50432742599993,EPE - Projetos_Onshore - Projetos_Onshore1,onshore
801,1261,Cachoeira Dourada,SJC Bioenergia Ltda, ,40000.0,1358553600000.0,UTE.AI.GO.030033-0.01,11594,BIOMASSA,24,CENTRO-OESTE,52,Goiás,GO,340106.492,-49.64453455399999,-18.49445410999995,EPE - Projetos_Onshore - Projetos_Onshore1,onshore
802,64,Lages-Cemig,Cemig Geração e Transmissão S.A.,Ribeirão da Laje,680.0,-473385600000.0,CGH.PH.MG.002225-0.01,197,HIDRO,16,SUDESTE,31,Minas Gerais,MG,586520.732,-46.92779202499999,-18.49052496599993,EPE - Projetos_Onshore - Projetos_Onshore1,onshore
803,242,Dourados,PCH Dourados Usina Ltda.,Rio Dourados,990.0,1531958400000.0,CGH.PH.MG.029271-0.01,287,HIDRO,16,SUDESTE,31,Minas Gerais,MG,586520.732,-47.42722222199999,-18.48194444399998,EPE - Projetos_Onshore - Projetos_Onshore1,onshore
804,1260,Porto das Águas,Cerradinho Bioenergia S.A., ,160000.0,1321574400000.0,UTE.AI.GO.029999-5.01,46377,BIOMASSA,24,CENTRO-OESTE,52,Goiás,GO,340106.492,-52.60232498299999,-18.46909917999995,EPE - Projetos_Onshore - Projetos_Onshore1,onshore
805,1243,Alcon,Companhia de Álcool Conceição da Barra S.A., ,33000.0,996624000000.0,UTE.AI.ES.029150-1.01,9565,BIOMASSA,17,SUDESTE,32,Espirito Santo,ES,46086.907,-39.94535520399999,-18.45735773499995,EPE - Projetos_Onshore - Projetos_Onshore1,onshore
806,1685,Emborcação,CEMIG Geração e Transmissão S.A.,Rio Paranaíba,1192000.0,397094400000.0,UHE.PH.MG.027115-2.01,0,HIDRO,16,SUDESTE,31,Minas Gerais,MG,586520.732,-47.984777712,-18.45234934099998,EPE - Projetos_Onshore - Projetos_Onshore1,onshore
807,1227,Bio Alvorada,SPE Bio Alvorada S.A., ,50000.0,1383955200000.0,UTE.AI.MG.030975-3.01,14493,BIOMASSA,16,SUDESTE,31,Minas Gerais,MG,586520.732,-49.19010048800001,-18.4411221999999,EPE - Projetos_Onshore - Projetos_Onshore1,onshore
808,1219,Quirinópolis,SJC Bioenergia Ltda., ,80000.0,1195689600000.0,UTE.AI.GO.029268-0.01,23188,BIOMASSA,24,CENTRO-OESTE,52,Goiás,GO,340106.492,-50.44173455399996,-18.42520966599993,EPE - Projetos_Onshore - Projetos_Onshore1,onshore
809,1704,Itumbiara,Furnas Centrais Elétricas S.A.,Rio Paranaíba,2082000.0,325382400000.0,UHE.PH.MG.001194-0.01,0,HIDRO,16,SUDESTE,31,Minas Gerais,MG,586520.732,-49.09858033999994,-18.40709440699995,EPE - Projetos_Onshore - Projetos_Onshore1,onshore
810,1327,Caramuru Itumbiara,Caramuru Alimentos Ltda., ,8500.0,1502928000000.0,UTE.AI.GO.035527-5.01,2464,BIOMASSA,24,CENTRO-OESTE,52,Goiás,GO,340106.492,-49.20444444399996,-18.39083333299992,EPE - Projetos_Onshore - Projetos_Onshore1,onshore
811,1310,Serranópolis,Energética Serranópolis Ltda., ,8600.0,1331769600000.0,UTE.AI.GO.029989-8.01,2493,BIOMASSA,24,CENTRO-OESTE,52,Goiás,GO,340106.492,-52.10638888799998,-18.38361111099992,EPE - Projetos_Onshore - Projetos_Onshore1,onshore
812,1431,Itumbiara,BP Bioenergia Itumbiara S.A., ,61500.0,1275091200000.0,UTE.AI.GO.030090-0.01,17826,BIOMASSA,24,CENTRO-OESTE,52,Goiás,GO,340106.492,-49.26053455399996,-18.36900966599998,EPE - Projetos_Onshore - Projetos_Onshore1,onshore
813,1328,WD,WD Agroindustrial Ltda., ,46000.0,578448000000.0,UTE.AI.MG.029122-6.01,13333,BIOMASSA,16,SUDESTE,31,Minas Gerais,MG,586520.732,-45.99069999999995,-18.21528000099993,EPE - Projetos_Onshore - Projetos_Onshore1,onshore
814,1619,Três Marias,CEMIG Geração Três Marias S.A.,Rio São Francisco,396000.0,-252460800000.0,UHE.PH.MG.027113-6.01,0,HIDRO,16,SUDESTE,31,Minas Gerais,MG,586520.732,-45.25872085099999,-18.21520225399998,EPE - Projetos_Onshore - Projetos_Onshore1,onshore
815,1408,Goiasa,Goiatuba Álcool  Ltda., ,46520.0,1128038400000.0,UTE.AI.GO.028118-2.01,13484,BIOMASSA,24,CENTRO-OESTE,52,Goiás,GO,340106.492,-49.67077183499999,-18.07075777399992,EPE - Projetos_Onshore - Projetos_Onshore1,onshore
816,1713,Serra do Facão,Serra do Facão Energia S.A.,Rio São Marcos,212580.0,1278979200000.0,UHE.PH.GO.028355-0.01,61617,HIDRO,24,CENTRO-OESTE,52,Goiás,GO,340106.492,-47.67489041600001,-18.04597520699994,EPE - Projetos_Onshore - Projetos_Onshore1,onshore
817,1074,Vazante 1,100% para Vazante I Energias Renováveis S.A. (PIE), ,27000.0,1513382400000.0,UFV.RS.MG.032339-0.01,7826,UFV,16,SUDESTE,31,Minas Gerais,MG,586520.732,-46.89709077699995,-18.04498856799993,EPE - Projetos_Onshore - Projetos_Onshore1,onshore
818,1239,Suzano Mucuri (Antiga Bahia Sul),Suzano Papel e Celulose S.A., ,214080.0,699408000000.0,UTE.FL.BA.000187-2.01,62052,BIOMASSA,15,NORDESTE,29,Bahia,BA,564732.45,-39.91966083099989,-18.04246214499997,EPE - Projetos_Onshore - Projetos_Onshore1,onshore
819,1073,Vazante 2,100% para Vazante II Energias Renováveis S.A. (PIE), ,27000.0,1512604800000.0,UFV.RS.MG.032340-3.01,7826,UFV,16,SUDESTE,31,Minas Gerais,MG,586520.732,-46.89218132499999,-18.04183886499991,EPE - Projetos_Onshore - Projetos_Onshore1,onshore
820,1064,Vazante 3,100% para Vazante III Energias Renováveis S.A. (PIE), ,27000.0,1512604800000.0,UFV.RS.MG.032341-1.01,7826,UFV,16,SUDESTE,31,Minas Gerais,MG,586520.732,-46.89427328299997,-18.03754959399993,EPE - Projetos_Onshore - Projetos_Onshore1,onshore
821,1710,Corumbá I,Furnas Centrais Elétricas S.A.,Rio Corumbá,375000.0,846720000000.0,UHE.PH.GO.000866-4.01,0,HIDRO,24,CENTRO-OESTE,52,Goiás,GO,340106.492,-48.53231848199997,-17.9878602499999,EPE - Projetos_Onshore - Projetos_Onshore1,onshore
822,1383,Vale do Verdão,Vale do Verdão S.A  - Açúcar e Álcool, ,23400.0,1042156800000.0,UTE.AI.GO.028116-6.01,6783,BIOMASSA,24,CENTRO-OESTE,52,Goiás,GO,340106.492,-50.30683455399993,-17.96620966599998,EPE - Projetos_Onshore - Projetos_Onshore1,onshore
823,1252,CEM (Antiga Camen),Central Energética Morrinhos S/A, ,24000.0,1364342400000.0,UTE.AI.GO.029546-9.01,6957,BIOMASSA,24,CENTRO-OESTE,52,Goiás,GO,340106.492,-49.18953455399999,-17.92371056499998,EPE - Projetos_Onshore - Projetos_Onshore1,onshore
824,40,Aliança,Energética Aliança Ltda.,Rio Ariranha,1840.0,1228089600000.0,CGH.PH.GO.029647-3.01,533,HIDRO,24,CENTRO-OESTE,52,Goiás,GO,340106.492,-51.89888888899993,-17.90888888899994,EPE - Projetos_Onshore - Projetos_Onshore1,onshore
825,1547,Santa Clara,Companhia Energética Santa Clara,Rio Mucuri,60000.0,1014163200000.0,UHE.PH.MG.002699-9.01,17391,HIDRO,15,NORDESTE,29,Bahia,BA,564732.45,-40.20182370599994,-17.89615334499993,EPE - Projetos_Onshore - Projetos_Onshore1,onshore
826,1308,Unidade de Bioenergia Alto Taquari,"OER Mineiros Energia S.A., Companhia Brasileira de Energia Renovável", ,72700.0,1366675200000.0,UTE.AI.MT.030038-1.01,21072,BIOMASSA,23,CENTRO-OESTE,51,Mato Grosso,MT,903202.446,-53.28199305599998,-17.83474388699998,EPE - Projetos_Onshore - Projetos_Onshore1,onshore
827,1336,Unidade de Bioenergia Morro Vermelho,OER Mineiros Energia S.A e Companhia Brasileira de Energia Renovável- BRENCO., ,72700.0,1358985600000.0,UTE.AI.GO.030040-3.01,21072,BIOMASSA,24,CENTRO-OESTE,52,Goiás,GO,340106.492,-53.02192344299989,-17.72462077599991,EPE - Projetos_Onshore - Projetos_Onshore1,onshore
828,1337,Jataí,Bioenergia Jataí Ltda., ,105000.0,1362009600000.0,UTE.AI.GO.030043-8.01,30435,BIOMASSA,24,CENTRO-OESTE,52,Goiás,GO,340106.492,-51.61553455399998,-17.691842999,EPE - Projetos_Onshore - Projetos_Onshore1,onshore
829,1284,Tropical Bioenergia II,Tropical Bioenergia S.A - Matriz, ,32000.0,1415836800000.0,UTE.AI.GO.031769-1.01,9275,BIOMASSA,24,CENTRO-OESTE,52,Goiás,GO,340106.492,-50.10313733199993,-17.6819402209999,EPE - Projetos_Onshore - Projetos_Onshore1,onshore
830,268,Aquarius,Aquarius Energética S.A.,Rio Correntes,4200.0,1158624000000.0,CGH.PH.MS.000859-1.02,1217,HIDRO,22,CENTRO-OESTE,50,Mato Grosso do Sul,MS,357145.531,-54.88834736499994,-17.61889751299999,EPE - Projetos_Onshore - Projetos_Onshore1,onshore
831,1441,Sonora,Companhia Agrícola Sonora Estância, ,10000.0,468460800000.0,UTE.AI.MS.027385-6.01,2899,BIOMASSA,22,CENTRO-OESTE,50,Mato Grosso do Sul,MS,357145.531,-54.76151625399999,-17.61731817299997,EPE - Projetos_Onshore - Projetos_Onshore1,onshore
832,1707,Ponte de Pedra,Tractebel Energia S/A,Rio Correntes,176100.0,1121731200000.0,UHE.PH.MT.002103-2.01,51043,HIDRO,23,CENTRO-OESTE,51,Mato Grosso,MT,903202.446,-54.82731281599992,-17.60779146299998,EPE - Projetos_Onshore - Projetos_Onshore1,onshore
833,1244,Unidade de Bioenergia Água Emendada,OER Mineiros Energia S.A; Companhia Brasileira de Energia Renovável- BRENCO, ,79828.0,1358985600000.0,UTE.AI.GO.030039-0.01,23139,BIOMASSA,24,CENTRO-OESTE,52,Goiás,GO,340106.492,-52.03963455399993,-17.52016266499992,EPE - Projetos_Onshore - Projetos_Onshore1,onshore
834,1104,Pirapora 3,100% para PIRAPORA III ENERGIAS RENOVAVEIS S.A. (PIE), ,31000.0,1525392000000.0,UFV.RS.MG.033186-4.01,8986,UFV,16,SUDESTE,31,Minas Gerais,MG,586520.732,-44.8854438339999,-17.40866366099996,EPE - Projetos_Onshore - Projetos_Onshore1,onshore
835,1105,Pirapora 4,100% para PIRAPORA IV ENERGIAS RENOVAVEIS S.A. (PIE), ,31000.0,1525392000000.0,UFV.RS.MG.033187-2.01,8986,UFV,16,SUDESTE,31,Minas Gerais,MG,586520.732,-44.8854438339999,-17.40866366099996,EPE - Projetos_Onshore - Projetos_Onshore1,onshore
836,1095,Pirapora 5,100% para Pirapora V Energias Renováveis S.A (PIE), ,31000.0,1506384000000.0,UFV.RS.MG.033188-0.01,8986,UFV,16,SUDESTE,31,Minas Gerais,MG,586520.732,-44.88972780299997,-17.40865703599995,EPE - Projetos_Onshore - Projetos_Onshore1,onshore
837,1106,Pirapora 2,100% para PIRAPORA II ENERGIAS RENOVAVEIS S.A. (PIE), ,31000.0,1463529600000.0,UFV.RS.MG.033185-6.01,8986,UFV,16,SUDESTE,31,Minas Gerais,MG,586520.732,-44.873552315,-17.40864743799995,EPE - Projetos_Onshore - Projetos_Onshore1,onshore
838,1096,Pirapora 6,100% para Pirapora VI Energias Renováveis S.A (PIE), ,31000.0,1507248000000.0,UFV.RS.MG.033189-9.01,8986,UFV,16,SUDESTE,31,Minas Gerais,MG,586520.732,-44.89613033300001,-17.40844353299996,EPE - Projetos_Onshore - Projetos_Onshore1,onshore
839,1097,Pirapora 7,100% para Pirapora VII Energias Renováveis S.A (PIE), ,31000.0,1506384000000.0,UFV.RS.MG.033190-2.01,8986,UFV,16,SUDESTE,31,Minas Gerais,MG,586520.732,-44.901487773,-17.40819315399994,EPE - Projetos_Onshore - Projetos_Onshore1,onshore
840,1098,Pirapora 9,100% para Pirapora IX Energias Renováveis S.A (PIE), ,31000.0,1506384000000.0,UFV.RS.MG.033192-9.01,8986,UFV,16,SUDESTE,31,Minas Gerais,MG,586520.732,-44.91220262799997,-17.40765580699997,EPE - Projetos_Onshore - Projetos_Onshore1,onshore
841,1094,Pirapora 10,100% para Pirapora X Energias Renováveis S.A. (PIE), ,31000.0,1506384000000.0,UFV.RS.MG.033193-7.01,8986,UFV,16,SUDESTE,31,Minas Gerais,MG,586520.732,-44.91860538899994,-17.40679076099999,EPE - Projetos_Onshore - Projetos_Onshore1,onshore
842,1534,Rochedo,Celg Geração e Transmissão S.A.,Rio Meia Ponte,13000.0,-2209161600000.0,UHE.PH.GO.002537-2.02,3768,HIDRO,24,CENTRO-OESTE,52,Goiás,GO,340106.492,-49.217222222,-17.38821666699997,EPE - Projetos_Onshore - Projetos_Onshore1,onshore
843,1825,Lar do Sol 1, , ,49500.0,,UFV.RS.MG.037830-5.01,14348,UFV,16,SUDESTE,31,Minas Gerais,MG,586520.732,-44.88218888599997,-17.36182777799996,EPE - Projetos_Onshore - Projetos_Onshore1,onshore
844,291,Diamantino,Diamantino Energia Ltda.,Rio Diamantino,3000.0,1629849600000.0,CGH.PH.GO.038152-7.01,870,HIDRO,24,CENTRO-OESTE,52,Goiás,GO,340106.492,-52.81228819700001,-17.34935731599994,EPE - Projetos_Onshore - Projetos_Onshore1,onshore
845,1599,Batalha (Antiga Paulista),Furnas Centrais Elétricas S.A.,Rio São Marcos,52500.0,1400284800000.0,UHE.PH.MG.029454-3.01,15217,HIDRO,24,CENTRO-OESTE,52,Goiás,GO,340106.492,-47.48944435299995,-17.34555526699995,EPE - Projetos_Onshore - Projetos_Onshore1,onshore
846,1277,Tropical Bioenergia,BP Bioenergia Tropical S.A., ,80000.0,1257984000000.0,UTE.AI.GO.030080-2.01,23188,BIOMASSA,24,CENTRO-OESTE,52,Goiás,GO,340106.492,-49.93442388999993,-17.33807999999997,EPE - Projetos_Onshore - Projetos_Onshore1,onshore
847,1349,NG Bioenergia I,Nova Gália Bioenergia Ltda., ,47000.0,1488585600000.0,UTE.AI.GO.031033-6.01,13623,BIOMASSA,24,CENTRO-OESTE,52,Goiás,GO,340106.492,-50.49572222099991,-17.33041666499998,EPE - Projetos_Onshore - Projetos_Onshore1,onshore
848,1735,Fênix, , ,32500.0,,UTE.FL.MT.029649-0.02,9420,BIOMASSA,23,CENTRO-OESTE,51,Mato Grosso,MT,903202.446,-53.27670277999996,-17.29406388999995,EPE - Projetos_Onshore - Projetos_Onshore1,onshore
849,62,SM-01,Agropecuária Maggi Ltda.,Rio Novo,800.0,469152000000.0,CGH.PH.MT.029210-9.01,232,HIDRO,23,CENTRO-OESTE,51,Mato Grosso,MT,903202.446,-54.92555555599996,-17.28388888899997,EPE - Projetos_Onshore - Projetos_Onshore1,onshore
850,196,Lago Azul,Lago Azul S.A.,Ribeirão Castelhano,3193.6,589075200000.0,CGH.PH.GO.001298-0.02,926,HIDRO,24,CENTRO-OESTE,52,Goiás,GO,340106.492,-47.52559673699992,-17.27960226099994,EPE - Projetos_Onshore - Projetos_Onshore1,onshore
851,127,SM-06,Agropecuária Maggi Ltda.,Rio Novo,264.0,470534400000.0,CGH.PH.MT.029208-7.01,77,HIDRO,23,CENTRO-OESTE,51,Mato Grosso,MT,903202.446,-54.93295190399998,-17.27382083199996,EPE - Projetos_Onshore - Projetos_Onshore1,onshore
852,1481,Lago Azul,Lago Azul S.A., ,5000.0,391737600000.0,UTE.AI.GO.029173-0.01,1449,BIOMASSA,24,CENTRO-OESTE,52,Goiás,GO,340106.492,-47.67853455399999,-17.253565222,EPE - Projetos_Onshore - Projetos_Onshore1,onshore
853,1112,Paracatu 4,100% para SOLAIRE PARACATU IV ENERGIA SOLAR SPE S.A (PIE), ,33000.0,1546992000000.0,UFV.RS.MG.033991-1.01,9565,UFV,16,SUDESTE,31,Minas Gerais,MG,586520.732,-47.08692132899996,-17.22385189499998,EPE - Projetos_Onshore - Projetos_Onshore1,onshore
854,1110,Paracatu 2,100% para SOLAIRE PARACATU II ENERGIA SOLAR SPE S.A. (PIE), ,33000.0,1549670400000.0,UFV.RS.MG.034000-6.01,9565,UFV,16,SUDESTE,31,Minas Gerais,MG,586520.732,-47.09220034199994,-17.22013817399993,EPE - Projetos_Onshore - Projetos_Onshore1,onshore
855,1111,Paracatu 3,100% para SOLAIRE PARACATU III ENERGIA SOLAR SPE S.A (PIE), ,33000.0,1546992000000.0,UFV.RS.MG.033990-3.01,9565,UFV,16,SUDESTE,31,Minas Gerais,MG,586520.732,-47.09220034199994,-17.22013817399993,EPE - Projetos_Onshore - Projetos_Onshore1,onshore
856,1109,Paracatu 1,100% para ENGIE SOLAR PARACATU I GERACAO CENTRALIZADA SPE S.A. (PIE), ,33000.0,1546992000000.0,UFV.RS.MG.033999-7.01,9565,UFV,16,SUDESTE,31,Minas Gerais,MG,586520.732,-47.08915430799998,-17.21342113899989,EPE - Projetos_Onshore - Projetos_Onshore1,onshore
857,1249,DVPA,Destilaria Vale do Paracatu Agroenergia Ltda., ,28000.0,1289260800000.0,UTE.AI.MG.030266-0.01,8116,BIOMASSA,16,SUDESTE,31,Minas Gerais,MG,586520.732,-46.66338829899993,-17.12289764099995,EPE - Projetos_Onshore - Projetos_Onshore1,onshore
858,1661,Itiquira (Casas de Forças I e II),Itiquira Energética S.A.,Rio Itiquira,157370.0,1036540800000.0,UHE.PH.MT.027244-2.01,45614,HIDRO,23,CENTRO-OESTE,51,Mato Grosso,MT,903202.446,-54.83073611099993,-17.09064722199998,EPE - Projetos_Onshore - Projetos_Onshore1,onshore
859,1323,Enervale,Central Bionergética Enervale S.A., ,30000.0,1343260800000.0,UTE.AI.MG.030850-1.01,8696,BIOMASSA,16,SUDESTE,31,Minas Gerais,MG,586520.732,-46.17999994099994,-17.06378609599997,EPE - Projetos_Onshore - Projetos_Onshore1,onshore
860,1372,Bioenergética Vale do Paracatu - BEVAP,Bioenergética Vale do Paracatu S.A., ,55000.0,1297728000000.0,UTE.AI.MG.030063-2.01,15942,BIOMASSA,16,SUDESTE,31,Minas Gerais,MG,586520.732,-46.18358438199996,-17.06217528500001,EPE - Projetos_Onshore - Projetos_Onshore1,onshore
861,1690,Corumbá III,"Energética Corumbá III S.A., Geração CIII S.A.",Rio Corumbá,96447.0,1256342400000.0,UHE.PH.GO.028352-5.01,27956,HIDRO,24,CENTRO-OESTE,52,Goiás,GO,340106.492,-47.93461948599999,-16.78820050799995,EPE - Projetos_Onshore - Projetos_Onshore1,onshore
862,1585,Irapé,CEMIG Geração e Transmissão S/A,Rio Jequitinhonha,399000.0,1153353600000.0,UHE.PH.MG.001146-0.01,0,HIDRO,16,SUDESTE,31,Minas Gerais,MG,586520.732,-42.57472199999992,-16.73805600000001,EPE - Projetos_Onshore - Projetos_Onshore1,onshore
863,12,Santa Marta,CEMIG Geração e Transmissão S.A.,Ribeirão Ticororó,1000.0,-820540800000.0,CGH.PH.MG.026725-2.02,290,HIDRO,16,SUDESTE,31,Minas Gerais,MG,586520.732,-43.30854280599993,-16.62789332399995,EPE - Projetos_Onshore - Projetos_Onshore1,onshore
864,1344,Veracel,Veracel Celulose S/A, ,117045.0,1136160000000.0,UTE.FL.BA.029014-9.01,33926,BIOMASSA,15,NORDESTE,29,Bahia,BA,564732.45,-39.57053455399998,-16.37400966599992,EPE - Projetos_Onshore - Projetos_Onshore1,onshore
865,1670,Corumbá IV,Corumbá Concessões S/A,Rio Corumbá,129200.0,1143849600000.0,UHE.PH.GO.027795-9.01,37449,HIDRO,24,CENTRO-OESTE,52,Goiás,GO,340106.492,-48.18748167399997,-16.32273448099995,EPE - Projetos_Onshore - Projetos_Onshore1,onshore
866,1767,Francisco Sá 1, , ,33000.0,,UFV.RS.MG.033236-4.01,9565,UFV,16,SUDESTE,31,Minas Gerais,MG,586520.732,-43.67228704499998,-16.29717542199994,EPE - Projetos_Onshore - Projetos_Onshore1,onshore
867,1769,Francisco Sá 2, , ,33000.0,,UFV.RS.MG.033237-2.01,9565,UFV,16,SUDESTE,31,Minas Gerais,MG,586520.732,-43.67228704499998,-16.29717542199994,EPE - Projetos_Onshore - Projetos_Onshore1,onshore
868,1768,Francisco Sá 3, , ,33000.0,,UFV.RS.MG.033238-0.01,9565,UFV,16,SUDESTE,31,Minas Gerais,MG,586520.732,-43.668400279,-16.29069777399999,EPE - Projetos_Onshore - Projetos_Onshore1,onshore
869,1634,Queimado,"CEB Participações S.A., CEMIG Geração e Transmissão S.A.",Rio Preto,105000.0,1087344000000.0,UHE.PH.MG.002176-8.01,30435,HIDRO,16,SUDESTE,31,Minas Gerais,MG,586520.732,-47.32333228999998,-16.21072107399997,EPE - Projetos_Onshore - Projetos_Onshore1,onshore
870,147,Mestre,GERMAT Geradora de Energia do Estado de Mato Grosso Ltda.,Córrego Mestre,2000.0,1414368000000.0,CGH.PH.MT.029154-4.02,580,HIDRO,23,CENTRO-OESTE,51,Mato Grosso,MT,903202.446,-55.35945024399994,-15.97803067199995,EPE - Projetos_Onshore - Projetos_Onshore1,onshore
871,96,Embaúba,Hidrelétrica Embaúba S.A.,Córrego Tenente Amaral,4500.0,1345852800000.0,CGH.PH.MT.030814-5.02,1304,HIDRO,23,CENTRO-OESTE,51,Mato Grosso,MT,903202.446,-55.08165928399997,-15.97658909999996,EPE - Projetos_Onshore - Projetos_Onshore1,onshore
872,1799,Janaúba 8, , ,50000.0,,UFV.RS.MG.040864-6.01,14493,UFV,16,SUDESTE,31,Minas Gerais,MG,586520.732,-43.51428611099994,-15.97274999999992,EPE - Projetos_Onshore - Projetos_Onshore1,onshore
873,202,Cambará,Hidrelétrica Cambará S.A.,Córrego Tenente Amaral,3499.2,1356048000000.0,CGH.PH.MT.030813-7.02,1014,HIDRO,23,CENTRO-OESTE,51,Mato Grosso,MT,903202.446,-55.08866274099999,-15.97077285499993,EPE - Projetos_Onshore - Projetos_Onshore1,onshore
874,1798,Janaúba 7, , ,50000.0,,UFV.RS.MG.040863-8.01,14493,UFV,16,SUDESTE,31,Minas Gerais,MG,586520.732,-43.50518055599998,-15.97050277799997,EPE - Projetos_Onshore - Projetos_Onshore1,onshore
875,1677,Itapebi,Itapebi Geração de Energia S/A,Rio Jequitinhonha,462011.0,1045526400000.0,UHE.PH.BA.001175-4.01,0,HIDRO,15,NORDESTE,29,Bahia,BA,564732.45,-39.59263939100001,-15.96564305499995,EPE - Projetos_Onshore - Projetos_Onshore1,onshore
876,1818,Janaúba 11, , ,50000.0,,UFV.RS.MG.040867-0.01,14493,UFV,16,SUDESTE,31,Minas Gerais,MG,586520.732,-43.54688888699993,-15.96414999999996,EPE - Projetos_Onshore - Projetos_Onshore1,onshore
877,1800,Janaúba 9, , ,50000.0,,UFV.RS.MG.040865-4.01,14493,UFV,16,SUDESTE,31,Minas Gerais,MG,586520.732,-43.518330556,-15.96121111099998,EPE - Projetos_Onshore - Projetos_Onshore1,onshore
878,1819,Janaúba 10, , ,50000.0,,UFV.RS.MG.040866-2.01,14493,UFV,16,SUDESTE,31,Minas Gerais,MG,586520.732,-43.53094166700001,-15.96068333299992,EPE - Projetos_Onshore - Projetos_Onshore1,onshore
879,1824,Janaúba 6, , ,50000.0,,UFV.RS.MG.040862-0.01,14493,UFV,16,SUDESTE,31,Minas Gerais,MG,586520.732,-43.50110277799992,-15.95475277799994,EPE - Projetos_Onshore - Projetos_Onshore1,onshore
880,1821,Janaúba 5, , ,50000.0,,UFV.RS.MG.040861-1.01,14493,UFV,16,SUDESTE,31,Minas Gerais,MG,586520.732,-43.50180833299994,-15.94876388899993,EPE - Projetos_Onshore - Projetos_Onshore1,onshore
881,1820,Janaúba 14, , ,50000.0,,UFV.RS.MG.040870-0.01,14493,UFV,16,SUDESTE,31,Minas Gerais,MG,586520.732,-43.51805555699998,-15.94684722299998,EPE - Projetos_Onshore - Projetos_Onshore1,onshore
882,1817,Janaúba 4, , ,50000.0,,UFV.RS.MG.040860-3.01,14493,UFV,16,SUDESTE,31,Minas Gerais,MG,586520.732,-43.49198055599992,-15.94311666699995,EPE - Projetos_Onshore - Projetos_Onshore1,onshore
883,1823,Janaúba 13, , ,50000.0,,UFV.RS.MG.040869-7.01,14493,UFV,16,SUDESTE,31,Minas Gerais,MG,586520.732,-43.52501389099992,-15.93896388899999,EPE - Projetos_Onshore - Projetos_Onshore1,onshore
884,1822,Janaúba 12, , ,50000.0,,UFV.RS.MG.040868-9.01,14493,UFV,16,SUDESTE,31,Minas Gerais,MG,586520.732,-43.50355555299991,-15.93676388599994,EPE - Projetos_Onshore - Projetos_Onshore1,onshore
885,1797,Janaúba 3, , ,50000.0,,UFV.RS.MG.040859-0.01,14493,UFV,16,SUDESTE,31,Minas Gerais,MG,586520.732,-43.47671944399993,-15.93401944399998,EPE - Projetos_Onshore - Projetos_Onshore1,onshore
886,1796,Janaúba 2, , ,50000.0,,UFV.RS.MG.040858-1.01,14493,UFV,16,SUDESTE,31,Minas Gerais,MG,586520.732,-43.46902499999993,-15.9248222219999,EPE - Projetos_Onshore - Projetos_Onshore1,onshore
887,1795,Janaúba 1, , ,50000.0,,UFV.RS.MG.040857-3.01,14493,UFV,16,SUDESTE,31,Minas Gerais,MG,586520.732,-43.47683611099999,-15.92110555599995,EPE - Projetos_Onshore - Projetos_Onshore1,onshore
888,1739,Rio Claro de Goiás, , ,38250.0,,UTE.AI.GO.031905-8.01,11087,BIOMASSA,24,CENTRO-OESTE,52,Goiás,GO,340106.492,-51.50776388899995,-15.91443611099995,EPE - Projetos_Onshore - Projetos_Onshore1,onshore
889,1490,Novo Milênio,Agropecuária Novo Milênio Ltda, ,12000.0,1613174400000.0,UTE.AI.MT.035588-7.01,3478,BIOMASSA,23,CENTRO-OESTE,51,Mato Grosso,MT,903202.446,-58.12529999999995,-15.70439999999994,EPE - Projetos_Onshore - Projetos_Onshore1,onshore
890,1065,FCR III Itapuranga,100% para FCR VII USINA DE ENERGIA FOTOVOLTAICA LTDA (PIE), ,9125.0,1568764800000.0,UFV.RS.MG.032323-3.02,2645,UFV,24,CENTRO-OESTE,52,Goiás,GO,340106.492,-49.8038853739999,-15.66859340399998,EPE - Projetos_Onshore - Projetos_Onshore1,onshore
891,1186,Jaíba 9,Jaíba 9 Energias Renováveis S.A., ,22500.0,1630368000000.0,UFV.RS.MG.035805-3.01,6522,UFV,16,SUDESTE,31,Minas Gerais,MG,586520.732,-43.61888161199997,-15.35138888899995,EPE - Projetos_Onshore - Projetos_Onshore1,onshore
892,1172,Jaíba 3,Jaíba 3 Energias Renováveis S.A., ,33000.0,1630368000000.0,UFV.RS.MG.034392-7.01,9565,UFV,16,SUDESTE,31,Minas Gerais,MG,586520.732,-43.62999999499994,-15.34972222099998,EPE - Projetos_Onshore - Projetos_Onshore1,onshore
893,1193,Jaíba 4,Jaíba 4 Energias Renováveis S.A., ,33000.0,1630368000000.0,UFV.RS.MG.034394-3.01,9565,UFV,16,SUDESTE,31,Minas Gerais,MG,586520.732,-43.62722221999996,-15.34194444599993,EPE - Projetos_Onshore - Projetos_Onshore1,onshore
894,1781,Jaíba SE1, , ,40000.0,,UFV.RS.MG.043162-1.01,11594,UFV,16,SUDESTE,31,Minas Gerais,MG,586520.732,-43.618656491,-15.3299761559999,EPE - Projetos_Onshore - Projetos_Onshore1,onshore
895,1229,Codora,Albioma Codora Energia S.A., ,68000.0,1316822400000.0,UTE.AI.GO.030355-0.01,19710,BIOMASSA,24,CENTRO-OESTE,52,Goiás,GO,340106.492,-49.15796455399992,-15.27136966499996,EPE - Projetos_Onshore - Projetos_Onshore1,onshore
896,1642,Jauru,"Cinco Estrelas Agropecuária e Participações Ltda., Queiroz Galvão Energética S.A.",Rio Jauru,121500.0,1054857600000.0,UHE.PH.MT.001245-9.01,35217,HIDRO,23,CENTRO-OESTE,51,Mato Grosso,MT,903202.446,-58.727777778,-15.23555555599992,EPE - Projetos_Onshore - Projetos_Onshore1,onshore
897,1367,Esplanada (Antiga Jalles Machado),Albioma Esplanada Energia S.A., ,65000.0,1057017600000.0,UTE.AI.GO.028112-3.01,18841,BIOMASSA,24,CENTRO-OESTE,52,Goiás,GO,340106.492,-48.98868982700002,-15.21700236099995,EPE - Projetos_Onshore - Projetos_Onshore1,onshore
898,1377,Goianésia,Usina Goianésia S.A., ,7300.0,1083369600000.0,UTE.AI.GO.028113-1.01,2116,BIOMASSA,24,CENTRO-OESTE,52,Goiás,GO,340106.492,-49.096900084,-15.21519998699995,EPE - Projetos_Onshore - Projetos_Onshore1,onshore
899,1225,São Judas Tadeu,Sada Bio-Energia e Agricultura Ltda., ,56000.0,1236902400000.0,UTE.AI.MG.029759-3.01,16232,BIOMASSA,16,SUDESTE,31,Minas Gerais,MG,586520.732,-43.88477777699997,-15.19972222099997,EPE - Projetos_Onshore - Projetos_Onshore1,onshore
900,1381,Cooper-Rubi,Cooperativa Agroindustrial de Rubiataba Ltda, ,20000.0,544233600000.0,UTE.AI.GO.029153-6.01,5797,BIOMASSA,24,CENTRO-OESTE,52,Goiás,GO,340106.492,-49.74883455400001,-15.17540966499998,EPE - Projetos_Onshore - Projetos_Onshore1,onshore
901,1156,Ita 01,100% para MULTIPLAN EMPREENDIMENTOS IMOBILIÁRIOS S/A (REG), ,3375.0,1552089600000.0,UFV.RS.MG.043223-7.01,978,UFV,16,SUDESTE,31,Minas Gerais,MG,586520.732,-44.13861110999992,-15.12944443999989,EPE - Projetos_Onshore - Projetos_Onshore1,onshore
902,1157,Ita 02,100% para MULTIPLAN EMPREENDIMENTOS IMOBILIÁRIOS S/A (REG), ,3250.0,1552089600000.0,UFV.RS.MG.043268-7.01,942,UFV,16,SUDESTE,31,Minas Gerais,MG,586520.732,-44.13472221999994,-15.12666669999992,EPE - Projetos_Onshore - Projetos_Onshore1,onshore
903,1667,Guaporé,"Mineração Santa Elina Indústria e Comércio S.A., Tangará Energia S.A.",Rio Guaporé,120000.0,1049760000000.0,UHE.PH.MT.001066-9.01,34783,HIDRO,23,CENTRO-OESTE,51,Mato Grosso,MT,903202.446,-58.96472199999991,-15.12388899999995,EPE - Projetos_Onshore - Projetos_Onshore1,onshore
904,1756,Codora, , ,10000.0,,UTE.AI.GO.030355-0.01,2899,BIOMASSA,24,CENTRO-OESTE,52,Goiás,GO,340106.492,-49.299444444,-15.08277777799994,EPE - Projetos_Onshore - Projetos_Onshore1,onshore
905,1430,Barralcool,Usina Barracol S.A., ,30000.0,1033430400000.0,UTE.AI.MT.000227-5.01,8696,BIOMASSA,23,CENTRO-OESTE,51,Mato Grosso,MT,903202.446,-57.21052537699995,-15.03297384099994,EPE - Projetos_Onshore - Projetos_Onshore1,onshore
906,232,Glicério Rocha,Caiana Energia Ltda.,Ribeirão Caiana,3000.0,1472688000000.0,CGH.PH.MT.035769-3.01,870,HIDRO,23,CENTRO-OESTE,51,Mato Grosso,MT,903202.446,-55.13267282799995,-14.97351301600001,EPE - Projetos_Onshore - Projetos_Onshore1,onshore
907,271,Caramujo,Caramujo Energética Ltda.,Córrego Caramujo,3520.8,1569888000000.0,CGH.PH.MT.032151-6.02,1021,HIDRO,23,CENTRO-OESTE,51,Mato Grosso,MT,903202.446,-58.05805000000001,-14.95027777799989,EPE - Projetos_Onshore - Projetos_Onshore1,onshore
908,1578,Manso,"Furnas Centrais Elétricas S/A., Produtores Energétios de Manso S.A.",Rio Manso,210000.0,975456000000.0,UHE.PH.MT.001401-0.01,60870,HIDRO,23,CENTRO-OESTE,51,Mato Grosso,MT,903202.446,-55.78527653899991,-14.87117506499989,EPE - Projetos_Onshore - Projetos_Onshore1,onshore
909,9,Dona Assunta,Eloi Brunetta & Cia Ltda,Córrego Água Suja,1900.0,770428800000.0,CGH.PH.MT.000040-0.02,551,HIDRO,23,CENTRO-OESTE,51,Mato Grosso,MT,903202.446,-53.29271234299996,-14.86394279699995,EPE - Projetos_Onshore - Projetos_Onshore1,onshore
910,167,Desidério,Eloi Brunetta e Cia. Ltda.,Rio Noidore,996.0,1250294400000.0,CGH.PH.MT.030374-7.01,289,HIDRO,23,CENTRO-OESTE,51,Mato Grosso,MT,903202.446,-53.29201441099995,-14.85817662099989,EPE - Projetos_Onshore - Projetos_Onshore1,onshore
911,1530,Juba II,Itamarati Norte S.A . - Agropecuária,Rio Juba,42000.0,808531200000.0,UHE.PH.MT.001269-6.01,12174,HIDRO,23,CENTRO-OESTE,51,Mato Grosso,MT,903202.446,-58.04589882599995,-14.76084017899997,EPE - Projetos_Onshore - Projetos_Onshore1,onshore
912,1375,Itamarati,Usinas Itamarati S.A., ,37500.0,997660800000.0,UTE.AI.MT.028121-2.01,10870,BIOMASSA,23,CENTRO-OESTE,51,Mato Grosso,MT,903202.446,-57.1957744499999,-14.75879801199994,EPE - Projetos_Onshore - Projetos_Onshore1,onshore
913,1515,Juba I,Itamarati Norte S.A. - Agropecuária,Rio Juba,42000.0,815961600000.0,UHE.PH.MT.001268-8.01,12174,HIDRO,23,CENTRO-OESTE,51,Mato Grosso,MT,903202.446,-58.10200089899997,-14.74052145899994,EPE - Projetos_Onshore - Projetos_Onshore1,onshore
914,447,Pelourinho,Centrais Eólicas Pelourinho S.A., ,21840.0,1451606400000.0,EOL.CV.BA.030793-9.01,6330,EOL,15,NORDESTE,29,Bahia,BA,564732.45,-42.58673114999995,-14.52923503099995,EPE - Projetos_Onshore - Projetos_Onshore1,onshore
915,667,Borgo,Centrais Eólicas Borgo S.A., ,20160.0,1451606400000.0,EOL.CV.BA.030837-4.01,5843,EOL,15,NORDESTE,29,Bahia,BA,564732.45,-42.58665107599999,-14.50840054299996,EPE - Projetos_Onshore - Projetos_Onshore1,onshore
916,826,Coqueirinho 2,Coqueirinho 2 Energia S.A., ,16000.0,1568851200000.0,EOL.CV.BA.031518-4.01,4638,EOL,15,NORDESTE,29,Bahia,BA,564732.45,-42.65136407999998,-14.50305809499997,EPE - Projetos_Onshore - Projetos_Onshore1,onshore
917,351,Serra do Espinhaço,Centrais Eólicas Serra do Espinhaço S.A., ,18480.0,1451606400000.0,EOL.CV.BA.030802-1.01,5357,EOL,15,NORDESTE,29,Bahia,BA,564732.45,-42.58285958199998,-14.49572373599993,EPE - Projetos_Onshore - Projetos_Onshore1,onshore
918,299,Papagaio,Papagaio Energia S.A., ,10000.0,1570147200000.0,EOL.CV.BA.031511-7.01,2899,EOL,15,NORDESTE,29,Bahia,BA,564732.45,-42.64087206299997,-14.48147696599993,EPE - Projetos_Onshore - Projetos_Onshore1,onshore
919,326,Espigão,Centrais Eólicas Espigão S.A., ,10080.0,1451606400000.0,EOL.CV.BA.030803-0.01,2922,EOL,15,NORDESTE,29,Bahia,BA,564732.45,-42.58525149599991,-14.47696268599999,EPE - Projetos_Onshore - Projetos_Onshore1,onshore
920,727,Tamanduá Mirim 2,Tamanduá Mirim 2 Energia S.A., ,16000.0,1573689600000.0,EOL.CV.BA.031606-7.01,4638,EOL,15,NORDESTE,29,Bahia,BA,564732.45,-42.6655273389999,-14.47095341099998,EPE - Projetos_Onshore - Projetos_Onshore1,onshore
921,676,Caetité,Centrais Eólicas Caetité S.A., ,30240.0,1451606400000.0,EOL.CV.BA.030792-0.01,8765,EOL,15,NORDESTE,29,Bahia,BA,564732.45,-42.5835585529999,-14.46886214899997,EPE - Projetos_Onshore - Projetos_Onshore1,onshore
922,783,Caititu,Central Eólica Caititu S.A., ,22200.0,1455580800000.0,EOL.CV.BA.030739-4.01,6435,EOL,15,NORDESTE,29,Bahia,BA,564732.45,-42.64099568299999,-14.45280192399994,EPE - Projetos_Onshore - Projetos_Onshore1,onshore
923,959,Inhambu 2,Eólica Pindaí I Geração de Energia Ltda., ,16450.0,1617753600000.0,EOL.CV.BA.032487-6.01,4768,EOL,15,NORDESTE,29,Bahia,BA,564732.45,-42.65047171299995,-14.45136197399999,EPE - Projetos_Onshore - Projetos_Onshore1,onshore
924,754,Teiú 2,Teiú 2 Energia S.A, ,8000.0,1574208000000.0,EOL.CV.BA.031431-5.01,2319,EOL,15,NORDESTE,29,Bahia,BA,564732.45,-42.69171929199997,-14.44520867999997,EPE - Projetos_Onshore - Projetos_Onshore1,onshore
925,462,Arapapá,Arapapá Energia S.A., ,4000.0,1574294400000.0,EOL.CV.BA.031434-0.01,1159,EOL,15,NORDESTE,29,Bahia,BA,564732.45,-42.69189379999993,-14.43188347099994,EPE - Projetos_Onshore - Projetos_Onshore1,onshore
926,515,Coqueirinho,Central Eólica Coqueirinho S.A., ,29600.0,1455667200000.0,EOL.CV.BA.030738-6.01,8580,EOL,15,NORDESTE,29,Bahia,BA,564732.45,-42.62872018799994,-14.41988897299996,EPE - Projetos_Onshore - Projetos_Onshore1,onshore
927,385,Angical 2,Angical 2 Energia S.A., ,10000.0,1568678400000.0,EOL.CV.BA.031435-8.01,2899,EOL,15,NORDESTE,29,Bahia,BA,564732.45,-42.64192930199997,-14.41903828399991,EPE - Projetos_Onshore - Projetos_Onshore1,onshore
928,1014,Corrupião 2,Eólica Pindaí II Geração de Energia Ltda., ,18800.0,1617926400000.0,EOL.CV.BA.037019-3.01,5449,EOL,15,NORDESTE,29,Bahia,BA,564732.45,-42.64112440299989,-14.41536205799994,EPE - Projetos_Onshore - Projetos_Onshore1,onshore
929,613,Acauã,Acauã Energia S.A., ,6000.0,1573603200000.0,EOL.CV.BA.031433-1.01,1739,EOL,15,NORDESTE,29,Bahia,BA,564732.45,-42.65994184299996,-14.4127756349999,EPE - Projetos_Onshore - Projetos_Onshore1,onshore
930,976,Ararinha Azul,Eólica Pindaí III Geração de Energia Ltda., ,21150.0,1619481600000.0,EOL.CV.BA.037001-0.01,6130,EOL,15,NORDESTE,29,Bahia,BA,564732.45,-42.64976084099993,-14.41267553199997,EPE - Projetos_Onshore - Projetos_Onshore1,onshore
931,986,Teiú 3,Eólica Pindaí IV Geração de Energia Ltda., ,23500.0,1638576000000.0,EOL.CV.BA.037093-2.01,6812,EOL,15,NORDESTE,29,Bahia,BA,564732.45,-42.648646366,-14.408796417,EPE - Projetos_Onshore - Projetos_Onshore1,onshore
932,47,MAX-01 (Nova Lacerda),MaxEnergia - Geração e Comercialização de Energia Ltda.,Córrego do Ouro,2500.0,1421798400000.0,CGH.PH.MT.029696-1.01,725,HIDRO,23,CENTRO-OESTE,51,Mato Grosso,MT,903202.446,-59.52070817000001,-14.40711779399993,EPE - Projetos_Onshore - Projetos_Onshore1,onshore
933,361,Inhambu,Central Eólica Inhambu S.A., ,31450.0,1454630400000.0,EOL.CV.BA.030751-3.01,9116,EOL,15,NORDESTE,29,Bahia,BA,564732.45,-42.59385359799996,-14.39117105599997,EPE - Projetos_Onshore - Projetos_Onshore1,onshore
934,893,Tamanduá Mirim,Central Eólica Tamanduá Mirim S.A., ,29600.0,1455580800000.0,EOL.CV.BA.030753-0.01,8580,EOL,15,NORDESTE,29,Bahia,BA,564732.45,-42.60938646199996,-14.37755199799996,EPE - Projetos_Onshore - Projetos_Onshore1,onshore
935,719,Angical,Central Eólica Angical S.A., ,12950.0,1454630400000.0,EOL.CV.BA.030732-7.01,3754,EOL,15,NORDESTE,29,Bahia,BA,564732.45,-42.61368353799996,-14.34605667099994,EPE - Projetos_Onshore - Projetos_Onshore1,onshore
936,338,Teiu,Central Eólica Teiu S.A., ,16650.0,1454630400000.0,EOL.CV.BA.030731-9.01,4826,EOL,15,NORDESTE,29,Bahia,BA,564732.45,-42.59109055199996,-14.33813839799998,EPE - Projetos_Onshore - Projetos_Onshore1,onshore
937,490,Caititu 2,Caititu 2 Energia S.A., ,10000.0,1580169600000.0,EOL.CV.BA.031432-3.01,2899,EOL,15,NORDESTE,29,Bahia,BA,564732.45,-42.61280189099993,-14.33182168299994,EPE - Projetos_Onshore - Projetos_Onshore1,onshore
938,843,Caititu 3,Caititu 3 Energia S.A., ,10000.0,1580256000000.0,EOL.CV.BA.031459-5.01,2899,EOL,15,NORDESTE,29,Bahia,BA,564732.45,-42.61027502699994,-14.32017748599999,EPE - Projetos_Onshore - Projetos_Onshore1,onshore
939,890,Corrupião,Central Eólica Corrupião S.A., ,27750.0,1454630400000.0,EOL.CV.BA.030752-1.01,8043,EOL,15,NORDESTE,29,Bahia,BA,564732.45,-42.58526944499998,-14.292690776,EPE - Projetos_Onshore - Projetos_Onshore1,onshore
940,305,Carcará,Carcará Energia S.A., ,10000.0,1581638400000.0,EOL.CV.BA.031447-1.01,2899,EOL,15,NORDESTE,29,Bahia,BA,564732.45,-42.59324514699998,-14.28355940699995,EPE - Projetos_Onshore - Projetos_Onshore1,onshore
941,522,Corrupião 3,Corrupião 3 Energia S.A., ,10000.0,1581552000000.0,EOL.CV.BA.031458-7.01,2899,EOL,15,NORDESTE,29,Bahia,BA,564732.45,-42.57548997799995,-14.27017055599998,EPE - Projetos_Onshore - Projetos_Onshore1,onshore
942,1532,Funil,Companhia Hidro Elétrica do São Francisco,Rio das Contas,30000.0,3715200000.0,UHE.PH.BA.027046-6.01,8696,HIDRO,15,NORDESTE,29,Bahia,BA,564732.45,-39.46204685199996,-14.22905584299994,EPE - Projetos_Onshore - Projetos_Onshore1,onshore
943,807,Caetité 3,Caetité 3 Energia Renovável S.A., ,30000.0,1412726400000.0,EOL.CV.BA.030448-4.01,8696,EOL,15,NORDESTE,29,Bahia,BA,564732.45,-42.50699999999991,-14.21944444399997,EPE - Projetos_Onshore - Projetos_Onshore1,onshore
944,699,Guirapá,Centrais Eólicas Guirapá Ltda., ,28800.0,1404432000000.0,EOL.CV.BA.030342-9.01,8348,EOL,15,NORDESTE,29,Bahia,BA,564732.45,-42.64138849599989,-14.21891461400001,EPE - Projetos_Onshore - Projetos_Onshore1,onshore
945,702,Pindaí,"Centrais Eólicas Pindaí S.A.
", ,24000.0,1404432000000.0,EOL.CV.BA.030324-0.01,6957,EOL,15,NORDESTE,29,Bahia,BA,564732.45,-42.65889864799989,-14.20213939399997,EPE - Projetos_Onshore - Projetos_Onshore1,onshore
946,535,Guanambi,Centrais Eólicas Guanambi Ltda., ,20800.0,1404432000000.0,EOL.CV.BA.030328-3.01,6029,EOL,15,NORDESTE,29,Bahia,BA,564732.45,-42.61830983999994,-14.20170756399995,EPE - Projetos_Onshore - Projetos_Onshore1,onshore
947,635,Alvorada,Centrais Eólicas Alvorada Ltda., ,8000.0,1404432000000.0,EOL.CV.BA.030320-8.01,2319,EOL,15,NORDESTE,29,Bahia,BA,564732.45,-42.59107259599998,-14.18515114399999,EPE - Projetos_Onshore - Projetos_Onshore1,onshore
948,409,Caetité 2,Caetité 2 Energia Renovável S.A., ,30000.0,1412726400000.0,EOL.CV.BA.030437-9.01,8696,EOL,15,NORDESTE,29,Bahia,BA,564732.45,-42.50299999999989,-14.18499999999992,EPE - Projetos_Onshore - Projetos_Onshore1,onshore
949,725,Candiba,Centrais Eólicas Candiba Ltda., ,9600.0,1404432000000.0,EOL.CV.BA.030316-0.01,2783,EOL,15,NORDESTE,29,Bahia,BA,564732.45,-42.62274948899993,-14.183147117,EPE - Projetos_Onshore - Projetos_Onshore1,onshore
950,521,Licínio de Almeida,Centrais Eólicas Licínio de Almeida Ltda., ,24000.0,1404432000000.0,EOL.CV.BA.030317-8.01,6957,EOL,15,NORDESTE,29,Bahia,BA,564732.45,-42.65406269999998,-14.17694395499994,EPE - Projetos_Onshore - Projetos_Onshore1,onshore
951,782,Ametista,Centrais Eólicas Ametista S.A., ,28560.0,1425427200000.0,EOL.CV.BA.030779-3.01,8278,EOL,15,NORDESTE,29,Bahia,BA,564732.45,-42.700223513,-14.17203284399993,EPE - Projetos_Onshore - Projetos_Onshore1,onshore
952,501,Rio Verde,"Centrais Eólicas Rio Verde S.A.
", ,30400.0,1404432000000.0,EOL.CV.BA.030341-0.01,8812,EOL,15,NORDESTE,29,Bahia,BA,564732.45,-42.60055555599999,-14.16402777699991,EPE - Projetos_Onshore - Projetos_Onshore1,onshore
953,596,Caetité 1,Caetité 1 Energia Renovável S.A., ,30000.0,1412294400000.0,EOL.CV.BA.030976-1.01,8696,EOL,15,NORDESTE,29,Bahia,BA,564732.45,-42.48449020099995,-14.16321685599996,EPE - Projetos_Onshore - Projetos_Onshore1,onshore
954,803,Serra do Salto,Centrais Eólicas Serra dos Saltos S.A., ,19200.0,1404432000000.0,EOL.CV.BA.030314-3.01,5565,EOL,15,NORDESTE,29,Bahia,BA,564732.45,-42.63821972199999,-14.15545583099996,EPE - Projetos_Onshore - Projetos_Onshore1,onshore
955,571,Dourados,Centrais Eólicas Dourados S.A., ,28560.0,1425427200000.0,EOL.CV.BA.030778-5.01,8278,EOL,15,NORDESTE,29,Bahia,BA,564732.45,-42.68159246499998,-14.15232507599991,EPE - Projetos_Onshore - Projetos_Onshore1,onshore
956,1888,Caetité D, , ,27500.0,,EOL.CV.BA.037004-5.01,7971,EOL,15,NORDESTE,29,Bahia,BA,564732.45,-42.49439025299992,-14.15061262499998,EPE - Projetos_Onshore - Projetos_Onshore1,onshore
957,1102,Verde Vale III,100% para UFV VERDE VALE III ENERGIA SOLAR S/A (PIE), ,14300.0,1534896000000.0,UFV.RS.BA.033588-6.01,4145,UFV,15,NORDESTE,29,Bahia,BA,564732.45,-42.72702636499998,-14.14925133699996,EPE - Projetos_Onshore - Projetos_Onshore1,onshore
958,547,Seraíma,Centrais Eólicas Seraima S.A., ,30240.0,1412985600000.0,EOL.CV.BA.030546-4.01,8765,EOL,15,NORDESTE,29,Bahia,BA,564732.45,-42.711851235,-14.14727297499996,EPE - Projetos_Onshore - Projetos_Onshore1,onshore
959,416,Caetité A,Eólica Caetité A S.A., ,23800.0,1441065600000.0,EOL.CV.BA.031344-0.01,6899,EOL,15,NORDESTE,29,Bahia,BA,564732.45,-42.47826735599995,-14.1414809299999,EPE - Projetos_Onshore - Projetos_Onshore1,onshore
960,634,Maron,Centrais Eólicas Maron S.A., ,30240.0,1425427200000.0,EOL.CV.BA.030768-8.01,8765,EOL,15,NORDESTE,29,Bahia,BA,564732.45,-42.60235758999997,-14.13370645699995,EPE - Projetos_Onshore - Projetos_Onshore1,onshore
961,477,Dos Araçás,Centrais Eólicas dos Araçás S.A., ,31860.0,1412985600000.0,EOL.CV.BA.030495-6.01,9235,EOL,15,NORDESTE,29,Bahia,BA,564732.45,-42.55965544399995,-14.12959331799997,EPE - Projetos_Onshore - Projetos_Onshore1,onshore
962,565,Ventos do Nordeste,Centrais Eólicas Ventos do Nordeste S.A., ,23520.0,1412985600000.0,EOL.CV.BA.030476-0.01,6817,EOL,15,NORDESTE,29,Bahia,BA,564732.45,-42.61408311199998,-14.11946417799997,EPE - Projetos_Onshore - Projetos_Onshore1,onshore
963,650,Caetité B,Eólica Caetité B S.A., ,22100.0,1441756800000.0,EOL.CV.BA.031342-4.01,6406,EOL,15,NORDESTE,29,Bahia,BA,564732.45,-42.474948877,-14.11463411999992,EPE - Projetos_Onshore - Projetos_Onshore1,onshore
964,679,Caetité C,Eólica Caetité C S.A., ,8500.0,1498521600000.0,EOL.CV.BA.031523-0.01,2464,EOL,15,NORDESTE,29,Bahia,BA,564732.45,-42.47461065299999,-14.10820736700001,EPE - Projetos_Onshore - Projetos_Onshore1,onshore
965,513,Tanque,Centrais Eólicas Tanque S.A., ,30000.0,1412985600000.0,EOL.CV.BA.030544-8.01,8696,EOL,15,NORDESTE,29,Bahia,BA,564732.45,-42.61065718999994,-14.10259779699994,EPE - Projetos_Onshore - Projetos_Onshore1,onshore
966,671,Morrão,Centrais Eólicas Morrão S.A., ,30240.0,1412985600000.0,EOL.CV.BA.030506-5.01,8765,EOL,15,NORDESTE,29,Bahia,BA,564732.45,-42.68270797499999,-14.08850924899999,EPE - Projetos_Onshore - Projetos_Onshore1,onshore
967,520,Pilões,Centrais Eólicas Pilões S.A., ,30240.0,1425427200000.0,EOL.CV.BA.030776-9.01,8765,EOL,15,NORDESTE,29,Bahia,BA,564732.45,-42.61607574499992,-14.02915105899994,EPE - Projetos_Onshore - Projetos_Onshore1,onshore
968,811,Pajeú do Vento,"Centrais Eólicas Pajeú do Vento S.A.
", ,25600.0,1404432000000.0,EOL.CV.BA.030319-4.01,7420,EOL,15,NORDESTE,29,Bahia,BA,564732.45,-42.63386111199996,-14.01474999899997,EPE - Projetos_Onshore - Projetos_Onshore1,onshore
969,327,Cristalândia III,Enel Green Power Cristalandia II Eólica S.A., ,30000.0,1504224000000.0,EOL.CV.BA.032083-8.01,8696,EOL,15,NORDESTE,29,Bahia,BA,564732.45,-41.533276851,-14.00950836799997,EPE - Projetos_Onshore - Projetos_Onshore1,onshore
970,371,Planaltina,"Centrais Eólicas Planaltina S.A.
", ,27200.0,1404432000000.0,EOL.CV.BA.030322-4.01,7884,EOL,15,NORDESTE,29,Bahia,BA,564732.45,-42.63894444399991,-13.98794444399994,EPE - Projetos_Onshore - Projetos_Onshore1,onshore
971,51,Santa Luzia,CJ 2 Participações Ltda.,Rio Oricó Grande,533.6,1314057600000.0,CGH.PH.BA.030590-1.01,155,HIDRO,15,NORDESTE,29,Bahia,BA,564732.45,-39.4770669559999,-13.98493664899994,EPE - Projetos_Onshore - Projetos_Onshore1,onshore
972,685,Cristalândia II,Enel Green Power Cristalandia II Eólica S.A., ,30000.0,1504224000000.0,EOL.CV.BA.032082-0.01,8696,EOL,15,NORDESTE,29,Bahia,BA,564732.45,-41.55017895199997,-13.97013344999992,EPE - Projetos_Onshore - Projetos_Onshore1,onshore
973,317,Da Prata,Centrais Eólicas da Prata S.A., ,21840.0,1412899200000.0,EOL.CV.BA.030490-5.01,6330,EOL,15,NORDESTE,29,Bahia,BA,564732.45,-42.63886294,-13.96426616400002,EPE - Projetos_Onshore - Projetos_Onshore1,onshore
974,770,Cristalândia I,Enel Green Power Cristalandia I Eólica S.A., ,30000.0,1504224000000.0,EOL.CV.BA.032081-1.01,8696,EOL,15,NORDESTE,29,Bahia,BA,564732.45,-41.56086631999997,-13.93122763999995,EPE - Projetos_Onshore - Projetos_Onshore1,onshore
975,304,Joana,Enel Green Power Joana Eólica S.A., ,28200.0,1411689600000.0,EOL.CV.BA.030801-3.01,8174,EOL,15,NORDESTE,29,Bahia,BA,564732.45,-42.62044581099993,-13.91798451499995,EPE - Projetos_Onshore - Projetos_Onshore1,onshore
976,461,Emiliana,Enel Green Power Emiliana Eólica S.A., ,28200.0,1412812800000.0,EOL.CV.BA.030807-2.01,8174,EOL,15,NORDESTE,29,Bahia,BA,564732.45,-42.62417204999995,-13.91002360899994,EPE - Projetos_Onshore - Projetos_Onshore1,onshore
977,480,Nossa Senhora da Conceição,Centrais Eólicas Nossa Senhora Conceição S.A., ,28800.0,1404432000000.0,EOL.CV.BA.030318-6.01,8348,EOL,15,NORDESTE,29,Bahia,BA,564732.45,-42.67688888899991,-13.89569444299997,EPE - Projetos_Onshore - Projetos_Onshore1,onshore
978,705,Ilhéus,Centrais Eólicas Ilhéus Ltda., ,11200.0,1404432000000.0,EOL.CV.BA.030315-1.01,3246,EOL,15,NORDESTE,29,Bahia,BA,564732.45,-42.66304999999992,-13.88229999999989,EPE - Projetos_Onshore - Projetos_Onshore1,onshore
979,1510,Pedra,Companhia Hidro Elétrica do São Francisco,Rio das Contas,20007.0,279763200000.0,UHE.PH.BA.027052-0.01,5799,HIDRO,15,NORDESTE,29,Bahia,BA,564732.45,-40.23575873399993,-13.86834950599998,EPE - Projetos_Onshore - Projetos_Onshore1,onshore
980,873,Porto Seguro,Centrais Eólicas Porto Seguro S.A., ,6400.0,1404432000000.0,EOL.CV.BA.030323-2.01,1855,EOL,15,NORDESTE,29,Bahia,BA,564732.45,-42.67266666799998,-13.86294444499996,EPE - Projetos_Onshore - Projetos_Onshore1,onshore
981,741,Igaporã,Centrais Eólicas Igaporã Ltda., ,30400.0,1404432000000.0,EOL.CV.BA.030321-6.01,8812,EOL,15,NORDESTE,29,Bahia,BA,564732.45,-42.65734169899994,-13.86057433999997,EPE - Projetos_Onshore - Projetos_Onshore1,onshore
982,1695,Serra da Mesa,Furnas Centrais Elétricas S/A.,Rio Tocantins,1275000.0,893894400000.0,UHE.PH.GO.002731-6.01,0,HIDRO,24,CENTRO-OESTE,52,Goiás,GO,340106.492,-48.304857607,-13.83386361999997,EPE - Projetos_Onshore - Projetos_Onshore1,onshore
983,1208,Coprodia,Cooperativa Agrícola de Produtores de Cana de Campo Novo do Parecis Ltda., ,27200.0,776044800000.0,UTE.AI.MT.028120-4.01,7884,BIOMASSA,23,CENTRO-OESTE,51,Mato Grosso,MT,903202.446,-57.84057455399997,-13.78094966499995,EPE - Projetos_Onshore - Projetos_Onshore1,onshore
984,1487,Inpasa Mutum,Ethanol Indústria de Combustíveis S.A., ,22360.0,1598918400000.0,UTE.FL.MT.045074-0.01,6481,BIOMASSA,23,CENTRO-OESTE,51,Mato Grosso,MT,903202.446,-56.05272222099995,-13.77691666299994,EPE - Projetos_Onshore - Projetos_Onshore1,onshore
985,211,Buritizal I,Hidroelétrica Buritizal Ltda.,Ribeirão Buritizal,5000.0,1572048000000.0,CGH.PH.MT.037358-3.01,1449,HIDRO,23,CENTRO-OESTE,51,Mato Grosso,MT,903202.446,-56.78591111099999,-13.70306944399993,EPE - Projetos_Onshore - Projetos_Onshore1,onshore
986,230,Margarida 2,Hidrelétrica Comodoro Ltda.,Rio Margarida,395.25,800928000000.0,CGH.PH.MT.030640-1.01,115,HIDRO,23,CENTRO-OESTE,51,Mato Grosso,MT,903202.446,-59.83826650099992,-13.69073333399993,EPE - Projetos_Onshore - Projetos_Onshore1,onshore
987,1910,Aura Tanque Novo 02, , ,15900.0,,EOL.CV.BA.044962-8.01,4609,EOL,15,NORDESTE,29,Bahia,BA,564732.45,-42.55082510499994,-13.66382004799996,EPE - Projetos_Onshore - Projetos_Onshore1,onshore
988,146,Masutti,Hidrelétrica Comodoro Ltda.,Rio Masutti,850.0,793238400000.0,CGH.PH.MT.001447-8.01,246,HIDRO,23,CENTRO-OESTE,51,Mato Grosso,MT,903202.446,-59.06484145799997,-13.63482736399989,EPE - Projetos_Onshore - Projetos_Onshore1,onshore
989,1863,Aura Caetité 04, , ,21200.0,,EOL.CV.BA.032805-7.01,6145,EOL,15,NORDESTE,29,Bahia,BA,564732.45,-42.55433225699996,-13.61577970399995,EPE - Projetos_Onshore - Projetos_Onshore1,onshore
990,1909,Aura Tanque Novo 01, , ,21200.0,,EOL.CV.BA.044961-0.01,6145,EOL,15,NORDESTE,29,Bahia,BA,564732.45,-42.56015247399995,-13.59680900599998,EPE - Projetos_Onshore - Projetos_Onshore1,onshore
991,1862,Aura Caetité 03, , ,29400.0,,EOL.CV.BA.032804-9.01,8522,EOL,15,NORDESTE,29,Bahia,BA,564732.45,-42.56915563499996,-13.56268125399994,EPE - Projetos_Onshore - Projetos_Onshore1,onshore
992,1885,Aura Tanque Novo 03, , ,12600.0,,EOL.CV.BA.035172-5.01,3652,EOL,15,NORDESTE,29,Bahia,BA,564732.45,-42.57661645599999,-13.54006664099992,EPE - Projetos_Onshore - Projetos_Onshore1,onshore
993,1908,Aura Caetité 02, , ,29400.0,,EOL.CV.BA.044960-1.01,8522,EOL,15,NORDESTE,29,Bahia,BA,564732.45,-42.578222452,-13.4972463359999,EPE - Projetos_Onshore - Projetos_Onshore1,onshore
994,136,Miranda Estância,Hidrelétrica Rio Piolho Ltda.,Rio do Piolho,1940.0,1260921600000.0,CGH.PH.MT.030227-9.01,562,HIDRO,23,CENTRO-OESTE,51,Mato Grosso,MT,903202.446,-60.12259680299998,-13.49476387899993,EPE - Projetos_Onshore - Projetos_Onshore1,onshore
995,1907,Aura Caetité 01, , ,29400.0,,EOL.CV.BA.044959-8.01,8522,EOL,15,NORDESTE,29,Bahia,BA,564732.45,-42.57839601699997,-13.47821090499999,EPE - Projetos_Onshore - Projetos_Onshore1,onshore
996,1514,São Domingos,Celg Geração e Transmissão S.A,Rio São Domingos,12000.0,662688000000.0,UHE.PH.GO.027665-0.01,3478,HIDRO,24,CENTRO-OESTE,52,Goiás,GO,340106.492,-46.3425651969999,-13.40603921399997,EPE - Projetos_Onshore - Projetos_Onshore1,onshore
997,1657,Cana Brava,Tractebel Energia S.A.,Rio Maranhão ou Tocantins,450000.0,1022025600000.0,UHE.PH.GO.000630-0.01,0,HIDRO,24,CENTRO-OESTE,52,Goiás,GO,340106.492,-48.14332931199996,-13.40238714199996,EPE - Projetos_Onshore - Projetos_Onshore1,onshore
998,1731,Juruena, ,Juruena,50000.0,,UHE.PH.MT.040733-0-01,14493,HIDRO,23,CENTRO-OESTE,51,Mato Grosso,MT,903202.446,-59.00749999999989,-13.40138888899996,EPE - Projetos_Onshore - Projetos_Onshore1,onshore
999,1042,BJL 11,100% para BJL11 SOLAR S.A. (PIE), ,20000.0,1526083200000.0,UFV.RS.BA.034153-3.01,5797,UFV,15,NORDESTE,29,Bahia,BA,564732.45,-43.35720140399994,-13.32718083799994,EPE - Projetos_Onshore - Projetos_Onshore1,onshore
